County,Size_mi2,Pop.Year.2009,Pop.Year.2010,Pop.Year.2011,Pop.Year.2012,Pop.Year.2013,Pop.Year.2014,Pop.Year.2015,Pop.Year.2016,Pop.Year.2017,Pop.Year.2018,Pop.Year.2019,Pop.Year.2020,Pop.Year.2021,Density.Year.2009,Density.Year.2010,Density.Year.2011,Density.Year.2012,Density.Year.2013,Density.Year.2014,Density.Year.2015,Density.Year.2016,Density.Year.2017,Density.Year.2018,Density.Year.2019,Density.Year.2020,Density.Year.2021,HousingUnits.Year.2009,HousingUnits.Year.2010,HousingUnits.Year.2011,HousingUnits.Year.2012,HousingUnits.Year.2013,HousingUnits.Year.2014,HousingUnits.Year.2015,HousingUnits.Year.2016,HousingUnits.Year.2017,HousingUnits.Year.2018,HousingUnits.Year.2019,HousingUnits.Year.2020,HousingUnits.Year.2021,DogEstimate.Year.2009,DogEstimate.Year.2010,DogEstimate.Year.2011,DogEstimate.Year.2012,DogEstimate.Year.2013,DogEstimate.Year.2014,DogEstimate.Year.2015,DogEstimate.Year.2016,DogEstimate.Year.2017,DogEstimate.Year.2018,DogEstimate.Year.2019,DogEstimate.Year.2020,DogEstimate.Year.2021,DogDensity.Year.2009,DogDensity.Year.2010,DogDensity.Year.2011,DogDensity.Year.2012,DogDensity.Year.2013,DogDensity.Year.2014,DogDensity.Year.2015,DogDensity.Year.2016,DogDensity.Year.2017,DogDensity.Year.2018,DogDensity.Year.2019,DogDensity.Year.2020,DogDensity.Year.2021
Alameda,739,1498539,1512986,1530915,1553764,1579593,1607792,1634538,1650950,1660196,1666756,1671329,1662323,1680480,2027.792963,2047.342355,2071.603518,2102.522327,2137.473613,2175.631935,2211.824087,2234.032476,2246.543978,2255.420839,2261.608931,2249.422192,2273.991881,NA,582628,584631,581859,587829,592393,595871,599780,606053,615129,622957,NA,NA,NA,357733.592,358963.434,357261.426,360927.006,363729.302,365864.794,368264.92,372116.542,377689.206,382495.598,NA,NA,NA,484.0779323,485.7421299,483.4390068,488.3991962,492.191207,495.080912,498.3287145,503.5406522,511.0814696,517.5853829,NA,NA
Alpine,743,1197,1161,1093,1110,1128,1080,1077,1047,1111,1089,1129,1119,1209,1.611036339,1.562584118,1.471063257,1.493943472,1.518169583,1.453566622,1.449528937,1.409152086,1.495289367,1.465679677,1.519515478,1.506056528,1.627187079,NA,1794,1772,1815,1835,1821,1801,1771,1742,1733,1767,NA,NA,NA,1101.516,1088.008,1114.41,1126.69,1118.094,1105.814,1087.394,1069.588,1064.062,1084.938,NA,NA,NA,1.482524899,1.464344549,1.499878869,1.51640646,1.504837147,1.488309556,1.46351817,1.439553163,1.432115747,1.460212651,NA,NA
Amador,606,38238,37886,37543,37104,36620,36726,37031,37429,38529,39405,39752,40083,40446,63.0990099,62.51815182,61.95214521,61.22772277,60.4290429,60.6039604,61.10726073,61.7640264,63.57920792,65.02475248,65.59735974,66.14356436,66.74257426,NA,17823,17943,18017,18083,18157,18184,18203,18259,18278,18379,NA,NA,NA,10943.322,11017.002,11062.438,11102.962,11148.398,11164.976,11176.642,11211.026,11222.692,11284.706,NA,NA,NA,18.05828713,18.17987129,18.25484818,18.32171947,18.39669637,18.42405281,18.44330363,18.5000429,18.51929373,18.62162706,NA,NA
Butte,1677,219777,219949,219975,220869,221641,223516,224631,226231,228696,230339,219186,212744,196880,131.0536673,131.1562314,131.1717352,131.7048301,132.1651759,133.2832439,133.9481216,134.9022063,136.372093,137.3518187,130.7012522,126.8598688,117.4001193,NA,95867,95901,96000,96856,97491,98040,98439,99405,100038,86212,NA,NA,NA,58862.338,58883.214,58944,59469.584,59859.474,60196.56,60441.546,61034.67,61423.332,52934.168,NA,NA,NA,35.09978414,35.11223256,35.14847943,35.4618867,35.69437925,35.89538462,36.04147048,36.39515206,36.62691234,31.56479905,NA,NA
Calaveras,1037,45900,45468,45160,44815,44655,44671,44965,45322,45681,45698,45905,46308,46319,44.26229508,43.84570878,43.54869817,43.21600771,43.06171649,43.07714561,43.36065574,43.70491803,44.05110897,44.06750241,44.26711668,44.6557377,44.66634523,NA,27613,27823,27867,27954,28006,28031,28104,28169,27988,27995,NA,NA,NA,16954.382,17083.322,17110.338,17163.756,17195.684,17211.034,17255.856,17295.766,17184.632,17188.93,NA,NA,NA,16.34945227,16.47379171,16.49984378,16.55135583,16.58214465,16.59694696,16.64016972,16.67865574,16.57148698,16.57563163,NA,NA
Colusa,1156,21250,21437,21323,21284,21250,21176,21231,21496,21579,21418,21547,21558,21805,18.38235294,18.54411765,18.44550173,18.41176471,18.38235294,18.3183391,18.36591696,18.59515571,18.66695502,18.52768166,18.63927336,18.64878893,18.86245675,NA,7775,7850,7866,7880,7891,7931,7939,7990,8004,8044,NA,NA,NA,4773.85,4819.9,4829.724,4838.32,4845.074,4869.634,4874.546,4905.86,4914.456,4939.016,NA,NA,NA,4.129628028,4.169463668,4.177961938,4.185397924,4.191240484,4.212486159,4.216735294,4.243823529,4.251259516,4.27250519,NA,NA
ContraCosta,716,1037890,1052540,1065440,1077548,1093401,1108876,1124405,1137268,1145535,1150519,1153526,1152333,1159540,1449.567039,1470.027933,1488.044693,1504.955307,1527.096369,1548.709497,1570.398045,1588.363128,1599.909218,1606.870112,1611.069832,1609.403631,1619.469274,NA,400447,401362,401397,404167,406792,408783,410814,414055,415955,418696,NA,NA,NA,245874.458,246436.268,246457.758,248158.538,249770.288,250992.762,252239.796,254229.77,255396.37,257079.344,NA,NA,NA,343.400081,344.1847318,344.2147458,346.5901369,348.8411844,350.5485503,352.2902179,355.0695112,356.6988408,359.0493631,NA,NA
DelNorte,1230,28599,28566,28443,28190,27816,27175,27190,27382,27351,27740,27812,27968,27956,23.25121951,23.22439024,23.12439024,22.91869919,22.61463415,22.09349593,22.10569106,22.26178862,22.23658537,22.55284553,22.61138211,22.73821138,22.72845528,NA,11119,11150,11185,11245,11270,11305,11326,11364,11373,11379,NA,NA,NA,6827.066,6846.1,6867.59,6904.43,6919.78,6941.27,6954.164,6977.496,6983.022,6986.706,NA,NA,NA,5.550460163,5.565934959,5.583406504,5.613357724,5.625837398,5.643308943,5.65379187,5.672760976,5.677253659,5.68024878,NA,NA
ElDorado,1786,180455,181136,180936,180575,181481,183108,184569,185976,188679,190746,192843,192925,197037,101.0386338,101.4199328,101.3079507,101.1058231,101.6131019,102.5240761,103.3421053,104.1298992,105.6433371,106.8006719,107.974804,108.0207167,110.3230683,NA,88158,88784,88109,88483,88871,89005,89468,90311,91094,91662,NA,NA,NA,54129.012,54513.376,54098.926,54328.562,54566.794,54649.07,54933.352,55450.954,55931.716,56280.468,NA,NA,NA,30.30739754,30.52260694,30.29055207,30.41912766,30.55251624,30.59858343,30.75775588,31.04756663,31.31675028,31.51202016,NA,NA
Fresno,6011,921478,932039,939406,945045,951514,960567,969488,976830,985238,991950,999101,1000918,1013400,153.2986192,155.0555648,156.2811512,157.2192647,158.2954583,159.8015305,161.285643,162.5070704,163.9058393,165.0224588,166.2121111,166.5143903,168.5909167,NA,315965,318099,318451,320796,324158,326015,327812,330958,333809,336479,NA,NA,NA,194002.51,195312.786,195528.914,196968.744,199033.012,200173.21,201276.568,203208.212,204958.726,206598.106,NA,NA,NA,32.2745816,32.4925613,32.52851672,32.76804924,33.11146432,33.30114956,33.48470604,33.80605756,34.09727599,34.37000599,NA,NA
Glenn,1327,28100,28127,28139,27851,27809,27831,27753,27840,27926,27967,28393,28283,29245,21.17558402,21.19593067,21.20497362,20.98794273,20.95629239,20.97287114,20.91409194,20.97965335,21.04446119,21.07535795,21.39638282,21.31348907,22.03843255,NA,10681,10764,10781,10825,10868,10893,10905,10962,10973,11008,NA,NA,NA,6558.134,6609.096,6619.534,6646.55,6672.952,6688.302,6695.67,6730.668,6737.422,6758.912,NA,NA,NA,4.942075358,4.980479277,4.988345139,5.008703843,5.028599849,5.040167295,5.045719668,5.072093444,5.07718312,5.093377543,NA,NA
Humboldt,4052,133744,135009,135243,134572,134403,134494,135102,136290,136507,136244,135558,134977,134186,33.00691017,33.31910168,33.37685094,33.2112537,33.1695459,33.19200395,33.34205331,33.63524186,33.68879566,33.62388944,33.45459033,33.31120434,33.1159921,NA,61555,61872,61659,61976,62329,62567,62645,63012,63308,63723,NA,NA,NA,37794.77,37989.408,37858.626,38053.264,38270.006,38416.138,38464.03,38689.368,38871.112,39125.922,NA,NA,NA,9.327435834,9.375470879,9.343194965,9.39123001,9.444720138,9.480784304,9.492603653,9.548215202,9.593068115,9.65595311,NA,NA
Imperial,4482,172008,174716,175786,176575,176438,177974,178937,180179,181649,181523,181215,180267,180599,38.37751004,38.9817046,39.2204373,39.39647479,39.36590808,39.70861223,39.92347166,40.2005801,40.52855868,40.50044623,40.43172691,40.22021419,40.29428826,NA,56090,56291,56117,56492,56963,57229,57386,57742,57893,58285,NA,NA,NA,34439.26,34562.674,34455.838,34686.088,34975.282,35138.606,35235.004,35453.588,35546.302,35786.99,NA,NA,NA,7.683904507,7.711439982,7.687603302,7.738975457,7.803498884,7.839938867,7.861446676,7.910215975,7.93090183,7.984602856,NA,NA
Inyo,10227,18544,18511,18392,18351,18357,18292,18108,17922,17868,17946,18039,18046,18225,1.813239464,1.810012711,1.798376846,1.79436785,1.794954532,1.788598807,1.770607216,1.752420065,1.747139924,1.754766794,1.76386037,1.764544832,1.782047521,NA,9433,9457,9449,9478,9498,9502,9513,9526,9540,9572,NA,NA,NA,5791.862,5806.598,5801.686,5819.492,5831.772,5834.228,5840.982,5848.964,5857.56,5877.208,NA,NA,NA,0.566330498,0.567771389,0.567291092,0.56903217,0.570232913,0.570473062,0.57113347,0.571913953,0.572754473,0.574675662,NA,NA
Kern,8163,830137,840996,847970,853606,862000,869176,876031,880856,887356,893758,900202,901362,913090,101.6950876,103.0253583,103.8797011,104.5701335,105.5984319,106.4775205,107.3172853,107.908367,108.7046429,109.4889134,110.278329,110.4204337,111.8571604,NA,284674,286972,285867,288383,291469,293589,295240,297873,300423,302927,NA,NA,NA,174789.836,176200.808,175522.338,177067.162,178961.966,180263.646,181277.36,182894.022,184459.722,185997.178,NA,NA,NA,21.41245081,21.5853005,21.50218523,21.69143232,21.92355335,22.08301433,22.20719833,22.40524587,22.59705035,22.78539483,NA,NA
Kings,1392,152278,152370,151868,150991,150337,149495,150085,149382,149665,151382,152940,152692,156056,109.3951149,109.4612069,109.1005747,108.470546,108.0007184,107.3958333,107.8196839,107.3146552,107.5179598,108.7514368,109.8706897,109.6925287,112.1091954,NA,43900,44175,44193,44522,44872,45251,45763,46399,46649,46958,NA,NA,NA,26954.6,27123.45,27134.502,27336.508,27551.408,27784.114,28098.482,28488.986,28642.486,28832.212,NA,NA,NA,19.36393678,19.48523707,19.49317672,19.63829598,19.79267816,19.95985201,20.18569109,20.46622557,20.57649856,20.71279598,NA,NA
Lake,1329,64413,64735,64251,63954,63796,64044,64260,63903,64111,64317,64386,64479,64524,48.46726862,48.70955606,48.34537246,48.12189616,48.00300978,48.18961625,48.35214447,48.08352144,48.2400301,48.39503386,48.4469526,48.51693002,48.55079007,NA,35481,35396,35272,35426,35659,35697,35664,35943,34751,34566,NA,NA,NA,21785.334,21733.144,21657.008,21751.564,21894.626,21917.958,21897.696,22069.002,21337.114,21223.524,NA,NA,NA,16.3922754,16.35300527,16.29571708,16.36686531,16.47451166,16.49206772,16.47682167,16.60572009,16.0550143,15.96954402,NA,NA
Lassen,4720,35160,34831,34246,33629,32129,31664,31256,30721,30920,30618,30573,30016,30483,7.449152542,7.379449153,7.255508475,7.124788136,6.806991525,6.708474576,6.622033898,6.508686441,6.550847458,6.486864407,6.477330508,6.359322034,6.458262712,NA,12726,12716,12705,12705,12718,12733,12726,12749,12758,12783,NA,NA,NA,7813.764,7807.624,7800.87,7800.87,7808.852,7818.062,7813.764,7827.886,7833.412,7848.762,NA,NA,NA,1.655458475,1.654157627,1.652726695,1.652726695,1.654417797,1.656369068,1.655458475,1.658450424,1.659621186,1.662873305,NA,NA
LosAngeles,4753,9787400,9823246,9876482,9935375,9992484,10040072,10085416,10105708,10103711,10073906,10039107,9943046,9969510,2059.204713,2066.746476,2077.946981,2090.337681,2102.35304,2112.365243,2121.905323,2126.174627,2125.754471,2119.483695,2112.162213,2091.95161,2097.519461,NA,3444870,3449489,3444644,3462431,3482681,3504348,3520811,3542835,3561342,3579423,NA,NA,NA,2115150.18,2117986.246,2115011.416,2125932.634,2138366.134,2151669.672,2161777.954,2175300.69,2186663.988,2197765.722,NA,NA,NA,445.0137134,445.6104031,444.9845184,447.282271,449.8981978,452.6971748,454.823891,457.6689859,460.0597492,462.3954812,NA,NA
Madera,2153,149234,150986,151675,151527,151370,153456,153576,153956,155423,156882,157327,157761,158217,69.31444496,70.12819322,70.4482118,70.37947051,70.306549,71.27542963,71.33116582,71.50766373,72.18903855,72.86669763,73.07338597,73.27496516,73.48676266,NA,49156,49129,49422,49566,49893,50101,50205,50582,50971,51440,NA,NA,NA,30181.784,30165.206,30345.108,30433.524,30634.302,30762.014,30825.87,31057.348,31296.194,31584.16,NA,NA,NA,14.0184784,14.01077845,14.0943372,14.13540362,14.22865862,14.28797678,14.31763586,14.42515002,14.53608639,14.66983744,NA,NA
Marin,828,250862,252904,255376,256061,258409,260359,260916,260562,259749,259662,258826,257332,257154,302.97343,305.4396135,308.4251208,309.2524155,312.0881643,314.4432367,315.115942,314.6884058,313.7065217,313.6014493,312.5917874,310.7874396,310.5724638,NA,111220,111538,111083,111566,112308,112673,112885,113128,113175,113345,NA,NA,NA,68289.08,68484.332,68204.962,68501.524,68957.112,69181.222,69311.39,69460.592,69489.45,69593.83,NA,NA,NA,82.4747343,82.71054589,82.37314251,82.73130918,83.28153623,83.55220048,83.70940821,83.88960386,83.92445652,84.05051932,NA,NA
Mariposa,1463,18212,18277,18170,17881,17809,17714,17622,17456,17414,17405,17203,17160,16799,12.44839371,12.49282297,12.41968558,12.22214627,12.17293233,12.10799727,12.04511278,11.9316473,11.90293917,11.89678742,11.75871497,11.72932331,11.48257006,NA,10076,10142,10165,10241,10255,10312,10334,10378,10388,10411,NA,NA,NA,6186.664,6227.188,6241.31,6287.974,6296.57,6331.568,6345.076,6372.092,6378.232,6392.354,NA,NA,NA,4.22875188,4.256451128,4.266103896,4.298,4.303875598,4.327797676,4.337030759,4.355496924,4.35969378,4.369346548,NA,NA
Mendocino,3878,87722,87799,87334,87288,87054,87225,87107,87285,87576,87401,86749,86061,85445,22.6204229,22.64027849,22.52037133,22.50850954,22.44816916,22.49226405,22.461836,22.50773595,22.58277463,22.53764827,22.36952037,22.19210933,22.03326457,NA,40342,40471,40336,40477,40719,40826,40842,41111,40934,41027,NA,NA,NA,24769.988,24849.194,24766.304,24852.878,25001.466,25067.164,25076.988,25242.154,25133.476,25190.578,NA,NA,NA,6.387309954,6.407734399,6.386359979,6.408684373,6.447,6.463941207,6.466474471,6.509064982,6.481040743,6.495765343,NA,NA
Merced,1979,252302,256721,259297,260867,262026,264419,266353,267628,271096,274151,277680,279252,284738,127.4896412,129.7225872,131.0242547,131.8175846,132.403234,133.6124305,134.5896918,135.2339565,136.9863567,138.5300657,140.3132895,141.1076301,143.8797372,NA,83690,83583,83571,83842,84180,84338,84432,85267,85766,86386,NA,NA,NA,51385.66,51319.962,51312.594,51478.988,51686.52,51783.532,51841.248,52353.938,52660.324,53041.004,NA,NA,NA,25.96546741,25.93226983,25.92854674,26.01262658,26.11749368,26.1665144,26.19567863,26.45474381,26.60956241,26.80192218,NA,NA
Modoc,4203,9646,9694,9509,9351,9145,9068,9056,8961,8876,8800,8841,8763,8923,2.295027361,2.306447775,2.262431596,2.2248394,2.17582679,2.157506543,2.154651439,2.132048537,2.111824887,2.093742565,2.103497502,2.084939329,2.123007376,NA,5133,5174,5172,5200,5208,5238,5242,5250,5263,5258,NA,NA,NA,3151.662,3176.836,3175.608,3192.8,3197.712,3216.132,3218.588,3223.5,3231.482,3228.412,NA,NA,NA,0.7498601,0.755849631,0.755557459,0.759647871,0.76081656,0.765199143,0.765783488,0.766952177,0.768851297,0.768120866,NA,NA
Mono,3132,14008,14257,14422,14331,14067,14134,14077,14273,14354,14403,14444,14534,14526,4.472541507,4.552043423,4.604725415,4.575670498,4.49137931,4.512771392,4.494572158,4.55715198,4.583014049,4.598659004,4.611749681,4.640485313,4.637931034,NA,13802,13876,13888,13932,13957,13982,14000,14041,14078,14116,NA,NA,NA,8474.428,8519.864,8527.232,8554.248,8569.598,8584.948,8596,8621.174,8643.892,8667.224,NA,NA,NA,2.705756066,2.720263091,2.722615581,2.731241379,2.736142401,2.741043423,2.744572158,2.752609834,2.759863346,2.767312899,NA,NA
Monterey,3771,410263,416373,420456,424788,426712,428475,430552,433953,434534,433950,434061,430906,434283,108.794219,110.4144789,111.4972156,112.6459825,113.156192,113.6237072,114.1744895,115.0763723,115.2304429,115.0755768,115.1050119,114.2683638,115.1638823,NA,139034,138811,138871,139386,140143,140491,140819,141653,142414,143213,NA,NA,NA,85366.876,85229.954,85266.794,85583.004,86047.802,86261.474,86462.866,86974.942,87442.196,87932.782,NA,NA,NA,22.63772898,22.60141978,22.61118907,22.69504216,22.81829806,22.87495996,22.92836542,23.06415858,23.18806577,23.31816017,NA,NA
Napa,789,135280,136759,137691,138538,139580,140405,140862,140840,139878,138789,137744,135965,135654,171.4575412,173.3320659,174.513308,175.5868188,176.9074778,177.9531052,178.5323194,178.504436,177.2851711,175.904943,174.5804816,172.3257288,171.9315589,NA,54769,54928,54736,54939,55322,55480,55535,55858,55465,55659,NA,NA,NA,33628.166,33725.792,33607.904,33732.546,33967.708,34064.72,34098.49,34296.812,34055.51,34174.626,NA,NA,NA,42.62124968,42.74498352,42.59556907,42.75354373,43.05159442,43.17455006,43.21735108,43.46870976,43.16287706,43.31384791,NA,NA
Nevada,974,98591,98790,98701,98137,97938,98572,98676,98913,99367,99508,99755,99606,100249,101.2227926,101.4271047,101.335729,100.7566735,100.5523614,101.2032854,101.3100616,101.5533881,102.0195072,102.164271,102.4178645,102.2648871,102.9250513,NA,52592,52895,52623,52784,53083,53397,53538,53869,54264,54825,NA,NA,NA,32291.488,32477.53,32310.522,32409.376,32592.962,32785.758,32872.332,33075.566,33318.096,33662.55,NA,NA,NA,33.15347844,33.34448665,33.17302053,33.27451335,33.463,33.66094251,33.74982752,33.95848665,34.20749076,34.56113963,NA,NA
Orange,948,2987177,3015171,3049271,3078068,3104950,3126537,3149280,3164986,3174289,3175973,3175692,3166857,3175130,3151.030591,3180.560127,3216.530591,3246.907173,3275.263713,3298.03481,3322.025316,3338.592827,3348.406118,3350.182489,3349.886076,3340.566456,3349.293249,NA,1049079,1050907,1052535,1060030,1072078,1081042,1090121,1102088,1111321,1118148,NA,NA,NA,644134.506,645256.898,646256.49,650858.42,658255.892,663759.788,669334.294,676682.032,682351.094,686542.872,NA,NA,NA,679.4667785,680.6507363,681.7051582,686.5595148,694.3627553,700.1685527,706.0488333,713.7996118,719.779635,724.2013418,NA,NA
Placer,1502,343810,350021,356328,360263,365398,369217,372841,378943,385115,392330,398329,402950,410327,228.9014647,233.0366178,237.2356858,239.855526,243.2743009,245.8169108,248.2296937,252.292277,256.4014647,261.2050599,265.1990679,268.2756325,273.1870839,NA,152913,154367,154382,155879,157477,159424,161422,163927,167122,168942,NA,NA,NA,93888.582,94781.338,94790.548,95709.706,96690.878,97886.336,99113.108,100651.178,102612.908,103730.388,NA,NA,NA,62.50904261,63.10342077,63.1095526,63.72150866,64.37475233,65.17066312,65.9874221,67.01143675,68.31751531,69.06150999,NA,NA
Plumas,2613,20169,19914,19719,19377,18895,18622,18427,18665,18660,18741,18807,18967,18939,7.718714122,7.621125144,7.546498278,7.415614237,7.231151933,7.126674321,7.052047455,7.143130501,7.141216992,7.172215844,7.197474168,7.258706468,7.247990815,NA,15383,15501,15542,15590,15634,15674,15693,15740,15772,15830,NA,NA,NA,9445.162,9517.614,9542.788,9572.26,9599.276,9623.836,9635.502,9664.36,9684.008,9719.62,NA,NA,NA,3.614681209,3.642408726,3.652042863,3.663321852,3.673660926,3.683060084,3.687524684,3.698568695,3.706088021,3.719716801,NA,NA
Riverside,7303,2146725,2201576,2234070,2261204,2286755,2316162,2345816,2380081,2414964,2445789,2470546,2489188,2520060,293.951116,301.461865,305.9112693,309.6267287,313.1254279,317.1521293,321.2126523,325.9045598,330.68109,334.9019581,338.2919348,340.8445844,345.0718883,NA,801324,807206,805050,811100,820011,826825,831404,840273,848646,857222,NA,NA,NA,492012.936,495624.484,494300.7,498015.4,503486.754,507670.55,510482.056,515927.622,521068.644,526334.308,NA,NA,NA,67.37134547,67.86587485,67.68460906,68.19326304,68.9424557,69.51534301,69.90032261,70.64598412,71.34994441,72.07097193,NA,NA
Sacramento,994,1408601,1421383,1433730,1444852,1457341,1474917,1493674,1510987,1527301,1538746,1552058,1559146,1578680,1417.103622,1429.962777,1442.384306,1453.573441,1466.137827,1483.81992,1502.690141,1520.107646,1536.520121,1548.034205,1561.426559,1568.557344,1588.209256,NA,555980,556334,556314,558823,561905,563670,565813,569768,574471,578966,NA,NA,NA,341371.72,341589.076,341576.796,343117.322,345009.67,346093.38,347409.182,349837.552,352725.194,355485.124,NA,NA,NA,343.4323139,343.6509819,343.6386278,345.1884527,347.0922233,348.1824748,349.5062193,351.9492475,354.8543199,357.6309095,NA,NA
SanBenito,1390,54436,55516,55977,56599,57239,57825,58216,59225,60164,61467,62808,64055,65490,39.16258993,39.93956835,40.27122302,40.71870504,41.17913669,41.60071942,41.88201439,42.60791367,43.28345324,44.22086331,45.18561151,46.08273381,47.11510791,NA,17873,17855,17876,17930,17958,18038,18139,18328,18614,18970,NA,NA,NA,10974.022,10962.97,10975.864,11009.02,11026.212,11075.332,11137.346,11253.392,11428.996,11647.58,NA,NA,NA,7.894979856,7.887028777,7.896305036,7.920158273,7.932526619,7.967864748,8.012479137,8.095965468,8.222299281,8.379553957,NA,NA
SanBernardino,20105,2013960,2040848,2060827,2073512,2082738,2099181,2115411,2131960,2150945,2166753,2180085,2189183,2206750,100.1720965,101.5094753,102.5032082,103.1341457,103.5930366,104.4108928,105.2181547,106.0412833,106.9855757,107.7718478,108.4349664,108.8874907,109.7612534,NA,699933,702114,700200,703253,708364,711715,714364,719259,725921,731393,NA,NA,NA,429758.862,431097.996,429922.8,431797.342,434935.496,436993.01,438619.496,441625.026,445715.494,449075.302,NA,NA,NA,21.37572057,21.44232758,21.38387466,21.47711226,21.6332005,21.73553892,21.8164385,21.96593017,22.16938543,22.33649848,NA,NA
SanDiego,4526,3061203,3103212,3137156,3174335,3209768,3248877,3280850,3306089,3321237,3333861,3338330,3332427,3347270,676.3594786,685.6411843,693.1409633,701.3555015,709.1842687,717.825232,724.8895272,730.4659744,733.812859,736.6020769,737.589483,736.2852408,739.5647371,NA,1165043,1168705,1169225,1176799,1187693,1194494,1202397,1214271,1224390,1233923,NA,NA,NA,715336.402,717584.87,717904.15,722554.586,729243.502,733419.316,738271.758,745562.394,751775.46,757628.722,NA,NA,NA,158.0504644,158.5472536,158.6177972,159.6452908,161.1231776,162.0458056,163.1179315,164.7287658,166.1015157,167.3947684,NA,NA
SanFrancisco,47,801922,805505,815650,828876,839572,850750,863010,871512,878040,880696,881549,866606,883255,17062.17021,17138.40426,17354.25532,17635.65957,17863.23404,18101.06383,18361.91489,18542.80851,18681.70213,18738.21277,18756.3617,18438.42553,18792.65957,NA,376777,378261,376899,381001,386610,390198,392823,397566,401478,406399,NA,NA,NA,231341.078,232252.254,231415.986,233934.614,237378.54,239581.572,241193.322,244105.524,246507.492,249528.986,NA,NA,NA,4922.150596,4941.537319,4923.744383,4977.332213,5050.607234,5097.480255,5131.772809,5193.734553,5244.840255,5309.127362,NA,NA
SanJoaquin,1426,677736,687127,694354,699593,702046,711579,722271,732809,743296,752491,762148,767967,781462,475.2706872,481.8562412,486.9242637,490.5981767,492.3183731,499.0035063,506.5014025,513.8913043,521.2454418,527.6935484,534.4656381,538.5462833,548.0098177,NA,233873,234820,234605,235940,237547,238626,240618,242821,245561,248673,NA,NA,NA,143598.022,144179.48,144047.47,144867.16,145853.858,146516.364,147739.452,149092.094,150774.454,152685.222,NA,NA,NA,100.6998752,101.1076297,101.0150561,101.5898738,102.2818079,102.7463983,103.6041038,104.5526606,105.7324362,107.0723857,NA,NA
SanLuisObispo,3616,268145,269802,271058,274160,275696,278227,280077,281803,282481,283354,283111,282249,282625,74.15514381,74.61338496,74.96073009,75.81858407,76.24336283,76.94330752,77.45492257,77.93224558,78.11974558,78.36117257,78.29397124,78.05558628,78.15956858,NA,117353,117459,117552,118213,119138,120134,120866,121918,122971,123969,NA,NA,NA,72054.742,72119.826,72176.928,72582.782,73150.732,73762.276,74211.724,74857.652,75504.194,76116.966,NA,NA,NA,19.92664325,19.94464215,19.96043363,20.07267201,20.22973783,20.39885951,20.52315376,20.70178429,20.88058462,21.05004591,NA,NA
SanMateo,744,713617,719699,728344,739224,748661,757204,765055,767906,768901,768681,766573,758308,762357,959.1626344,967.3373656,978.9569892,993.5806452,1006.264785,1017.747312,1028.299731,1032.13172,1033.469086,1033.173387,1030.340054,1019.231183,1024.673387,NA,271006,271363,270714,272154,273582,274850,275947,278093,279468,280500,NA,NA,NA,166397.684,166616.882,166218.396,167102.556,167979.348,168757.9,169431.458,170749.102,171593.352,172227,NA,NA,NA,223.6528011,223.947422,223.4118226,224.6002097,225.7786935,226.8251344,227.7304543,229.5014812,230.6362258,231.4879032,NA,NA
SantaBarbara,42,420356,424231,425453,429699,434601,439045,442229,444340,445298,445780,446499,444766,447937,10008.47619,10100.7381,10129.83333,10230.92857,10347.64286,10453.45238,10529.2619,10579.52381,10602.33333,10613.80952,10630.92857,10589.66667,10665.16667,NA,152819,152856,152699,153526,154414,155143,155962,157049,158315,159286,NA,NA,NA,93830.866,93853.584,93757.186,94264.964,94810.196,95257.802,95760.668,96428.086,97205.41,97801.604,NA,NA,NA,2234.068238,2234.609143,2232.313952,2244.403905,2257.385619,2268.042905,2280.015905,2295.90681,2314.414524,2328.609619,NA,NA
SantaClara,1304,1765137,1786040,1812054,1837853,1866425,1891753,1916285,1928368,1932510,1932337,1927852,1907105,1918880,1353.632669,1369.662577,1389.611963,1409.396472,1431.307515,1450.730828,1469.543712,1478.809816,1481.986196,1481.853528,1478.41411,1462.503834,1471.533742,NA,631955,633349,636293,642654,651171,660622,665098,671151,678530,686306,NA,NA,NA,388020.37,388876.286,390683.902,394589.556,399818.994,405621.908,408370.172,412086.714,416617.42,421391.884,NA,NA,NA,297.5616334,298.2180107,299.6042193,302.5993528,306.609658,311.0597454,313.1673098,316.0174187,319.4918865,323.1532853,NA,NA
SantaCruz,607,260009,263147,264858,266340,268816,270861,273503,274396,274856,273841,273213,269925,271957,428.3509061,433.5205931,436.339374,438.7808896,442.8599671,446.2289951,450.5815486,452.0527183,452.8105437,451.1383855,450.1037891,444.6869852,448.0345964,NA,104444,104447,104286,104677,105251,105525,105635,106329,106718,107137,NA,NA,NA,64128.616,64130.458,64031.604,64271.678,64624.114,64792.35,64859.89,65286.006,65524.852,65782.118,NA,NA,NA,105.6484613,105.6514959,105.4886392,105.8841483,106.4647677,106.7419275,106.853196,107.5551993,107.9486853,108.3725173,NA,NA
Shasta,3847,177279,177274,177588,177875,178397,178844,178314,178571,179384,179709,180080,179027,180822,46.08240187,46.08110216,46.1627242,46.23732779,46.37301794,46.48921237,46.35144268,46.41824799,46.62958149,46.71406291,46.81050169,46.53678191,47.00337926,NA,77334,77340,77308,77533,77916,78112,78303,78846,79187,78621,NA,NA,NA,47483.076,47486.76,47467.112,47605.262,47840.424,47960.768,48078.042,48411.444,48620.818,48273.294,NA,NA,NA,12.34288433,12.34384195,12.3387346,12.3746457,12.43577437,12.46705693,12.49754146,12.58420691,12.63863218,12.54829581,NA,NA
Sierra,962,3248,3220,3098,3067,3028,2972,2985,2951,3002,2997,3005,2920,3021,3.376299376,3.347193347,3.22037422,3.188149688,3.147609148,3.089397089,3.102910603,3.067567568,3.120582121,3.115384615,3.123700624,3.035343035,3.14033264,NA,2258,2307,2266,2256,2283,2311,2349,2388,2395,2365,NA,NA,NA,1386.412,1416.498,1391.324,1385.184,1401.762,1418.954,1442.286,1466.232,1470.53,1452.11,NA,NA,NA,1.441176715,1.472451143,1.446282744,1.439900208,1.457133056,1.475004158,1.499257796,1.524149688,1.528617464,1.509469854,NA,NA
Siskiyou,6347,44788,44938,44615,44079,43532,43338,43254,43376,43622,43550,43539,43245,43517,7.056562155,7.080195368,7.029305184,6.944855837,6.858673389,6.828107767,6.814873168,6.834094848,6.872853317,6.861509375,6.859776272,6.813455176,6.856310068,NA,23799,23886,23862,23981,24017,24002,24034,24055,24102,24118,NA,NA,NA,14612.586,14666.004,14651.268,14724.334,14746.438,14737.228,14756.876,14769.77,14798.628,14808.452,NA,NA,NA,2.302282338,2.310698598,2.308376871,2.319888766,2.323371357,2.321920277,2.325015913,2.327047424,2.331594139,2.333141957,NA,NA
Solano,906,410290,413967,416342,419674,423659,429006,433409,438858,443511,445725,447643,446935,451479,452.8587196,456.9172185,459.5386313,463.2163355,467.6147903,473.5165563,478.3763797,484.3907285,489.5264901,491.9701987,494.0871965,493.3057395,498.3211921,NA,152784,153295,153035,153867,154997,155637,156826,157915,158815,159804,NA,NA,NA,93809.376,94123.13,93963.49,94474.338,95168.158,95561.118,96291.164,96959.81,97512.41,98119.656,NA,NA,NA,103.5423576,103.8886645,103.7124614,104.2763113,105.042117,105.4758477,106.281638,107.0196578,107.6295916,108.2998411,NA,NA
Sonoma,1768,479479,484755,487421,489993,494073,498560,500863,502547,502469,498643,494336,489819,485722,271.1985294,274.1826923,275.6906109,277.145362,279.4530543,281.9909502,283.293552,284.2460407,284.2019231,282.0378959,279.60181,277.0469457,274.729638,NA,204595,205383,204760,205684,207220,207891,208153,209308,205247,208293,NA,NA,NA,125621.33,126105.162,125722.64,126289.976,127233.08,127645.074,127805.942,128515.112,126021.658,127891.902,NA,NA,NA,71.05278846,71.3264491,71.1100905,71.4309819,71.96441176,72.19744005,72.28842873,72.68954299,71.27921833,72.33704864,NA,NA
Stanislaus,1515,511536,515145,517560,520424,523451,528015,533211,539255,544717,548126,550660,550081,555728,337.6475248,340.029703,341.6237624,343.5141914,345.5122112,348.5247525,351.9544554,355.9438944,359.5491749,361.7993399,363.4719472,363.089769,366.8171617,NA,179516,180094,179199,179705,180297,180748,180822,181595,182305,182987,NA,NA,NA,110222.824,110577.716,110028.186,110338.87,110702.358,110979.272,111024.708,111499.33,111935.27,112354.018,NA,NA,NA,72.75433927,72.98859142,72.62586535,72.83093729,73.07086337,73.25364488,73.28363564,73.59691749,73.88466667,74.16106799,NA,NA
Sutter,608,94366,94751,94482,94189,94507,94778,95282,95742,96204,96348,96971,96385,98217,155.2072368,155.8404605,155.3980263,154.9161184,155.4391447,155.8848684,156.7138158,157.4703947,158.2302632,158.4671053,159.4917763,158.5279605,161.5411184,NA,33866,33891,33881,33954,34105,34177,34294,34404,34475,34577,NA,NA,NA,20793.724,20809.074,20802.934,20847.756,20940.47,20984.678,21056.516,21124.056,21167.65,21230.278,NA,NA,NA,34.20020395,34.22545066,34.21535197,34.28907237,34.4415625,34.51427303,34.63242763,34.74351316,34.81521382,34.91822039,NA,NA
Tehama,2962,62891,63559,63331,63212,62875,62801,63158,63453,63847,64018,65084,64494,67216,21.2326131,21.45813639,21.38116138,21.34098582,21.22721134,21.20222822,21.3227549,21.42234976,21.55536799,21.61309926,21.97299122,21.77380149,22.69277515,NA,26739,26912,26928,27023,27117,27220,27225,27359,27437,27558,NA,NA,NA,16417.746,16523.968,16533.792,16592.122,16649.838,16713.08,16716.15,16798.426,16846.318,16920.612,NA,NA,NA,5.542790682,5.578652262,5.58196894,5.601661715,5.621147198,5.642498312,5.643534774,5.671311951,5.687480756,5.712563133,NA,NA
Trinity,3208,13762,13755,13685,13489,13427,13128,13094,12828,12726,12567,12285,12216,11721,4.289900249,4.287718204,4.265897756,4.204800499,4.185473815,4.092269327,4.081670823,3.998753117,3.966957606,3.917394015,3.829488778,3.80798005,3.653678304,NA,8608,8650,8661,8705,8742,8770,8788,8814,8850,8918,NA,NA,NA,5285.312,5311.1,5317.854,5344.87,5367.588,5384.78,5395.832,5411.796,5433.9,5475.652,NA,NA,NA,1.647541147,1.6555798,1.657685162,1.666106608,1.673188279,1.678547382,1.681992519,1.686968828,1.693859102,1.706874065,NA,NA
Tulare,4839,436987,442969,446784,449779,452460,455138,457161,459235,462308,464589,466195,468680,469407,90.30522835,91.54143418,92.32982021,92.94874974,93.50278983,94.05620996,94.47427154,94.90287249,95.53792106,96.00929944,96.3411862,96.85472205,97.0049597,NA,141898,142924,143458,144323,145500,146554,147537,148986,150217,151599,NA,NA,NA,87125.372,87755.336,88083.212,88614.322,89337,89984.156,90587.718,91477.404,92233.238,93081.786,NA,NA,NA,18.00482992,18.13501467,18.20277165,18.31252779,18.46187229,18.59560984,18.7203385,18.90419591,19.06039223,19.2357483,NA,NA
Tuolumne,2274,55845,55190,54830,54221,53997,53851,53615,53770,53976,54387,54478,54515,54660,24.55804749,24.2700088,24.11169745,23.84388742,23.74538259,23.68117854,23.57739666,23.64555849,23.73614776,23.91688654,23.95690413,23.97317502,24.03693931,NA,31033,31157,31193,31277,31302,31361,31358,31433,31487,31553,NA,NA,NA,19054.262,19130.398,19152.502,19204.078,19219.428,19255.654,19253.812,19299.862,19333.018,19373.542,NA,NA,NA,8.379182938,8.412664028,8.422384345,8.445065084,8.451815303,8.467745822,8.466935796,8.487186456,8.501766931,8.519587511,NA,NA
Ventura,2208,815130,825097,830099,833516,838136,842297,845802,847323,849044,848142,846006,841387,841734,369.1711957,373.6852355,375.9506341,377.4981884,379.5905797,381.4750906,383.0625,383.7513587,384.5307971,384.1222826,383.1548913,381.0629529,381.2201087,NA,281681,282521,281700,282819,284527,285889,286905,288778,290984,291547,NA,NA,NA,172952.134,173467.894,172963.8,173650.866,174699.578,175535.846,176159.67,177309.692,178664.176,179009.858,NA,NA,NA,78.32977083,78.56335779,78.33505435,78.64622554,79.12118569,79.49993025,79.78245924,80.30330254,80.91674638,81.07330525,NA,NA
Yolo,1024,199791,201073,201954,204576,206292,208398,212037,215627,218477,220118,220500,219728,221264,195.1083984,196.3603516,197.2207031,199.78125,201.4570313,203.5136719,207.0673828,210.5732422,213.3564453,214.9589844,215.3320313,214.578125,216.078125,NA,75095,75542,75265,75710,76736,76966,77166,77948,78527,79252,NA,NA,NA,46108.33,46382.788,46212.71,46485.94,47115.904,47257.124,47379.924,47860.072,48215.578,48660.728,NA,NA,NA,45.02766602,45.29569141,45.12959961,45.39642578,46.011625,46.14953516,46.26945703,46.73835156,47.08552539,47.52024219,NA,NA
Yuba,644,71607,72348,72489,72774,73090,73533,74045,74952,76578,77557,78668,80160,80890,111.1909938,112.3416149,112.560559,113.0031056,113.4937888,114.181677,114.9767081,116.3850932,118.9099379,120.4301242,122.1552795,124.4720497,125.6055901,NA,27647,27537,27608,27746,28009,28215,28360,28604,28688,29051,NA,NA,NA,16975.258,16907.718,16951.312,17036.044,17197.526,17324.01,17413.04,17562.856,17614.432,17837.314,NA,NA,NA,26.35909627,26.2542205,26.32191304,26.45348447,26.70423292,26.90063665,27.03888199,27.27151553,27.35160248,27.69769255,NA,NA