County,Year,Lag_Ae.sierrensis,Lag_Ae.albopictus,Lag_Ae.aegypti,Lag_Ae.vexans,Lag_An.freeborni,Lag_Cs.incidencs,Lag_Cs.inornata,Lag_Cx.quinquefasciatus,Lag_Cx.tarsalis,Region,TotalPositive,TotalTested,PerPos
Alameda,2012,1.666666667,NA,NA,NA,2,2.473684211,11.44444444,NA,52.32352941,Central,41,15836,0.258903764
Alameda,2013,1,NA,NA,NA,NA,1,NA,NA,17.5952381,Central,66,16491,0.400218301
Alameda,2014,1.5,NA,NA,NA,NA,1.222222222,NA,NA,24.76923077,Central,81,21045,0.384889522
Alameda,2015,1,NA,NA,NA,1,2.5,1.625,NA,14.22058824,Central,77,23926,0.321825629
Alameda,2017,1.833333333,NA,NA,NA,4.333333333,4.972631579,2.253731343,NA,12.7872,Central,74,22025,0.335981839
Alameda,2018,5.148148148,NA,NA,NA,2.5,4.980327869,3.882075472,NA,11.43669986,Central,71,27461,0.258548487
Alameda,2019,2.692307692,NA,NA,NA,4.111111111,4.855102041,1.8,NA,11.08689655,Central,86,33791,0.254505638
Alameda,2020,NA,NA,NA,2,5.766666667,3.9,7.035714286,NA,14.37008872,Central,81,38583,0.209937019
Alameda,2021,2.714285714,NA,NA,NA,2.04,3.551155116,2.333333333,NA,14.62425447,Central,17,10669,0.159340144
Butte,2012,NA,NA,NA,NA,NA,NA,NA,NA,NA,NorCal,93,3580,2.597765363
Butte,2013,NA,NA,NA,NA,NA,NA,NA,NA,NA,NorCal,95,4105,2.314250914
Butte,2014,NA,NA,NA,NA,NA,NA,NA,NA,NA,NorCal,114,4568,2.495621716
Butte,2015,NA,NA,NA,NA,NA,NA,NA,NA,NA,NorCal,127,4979,2.550712995
Butte,2016,NA,NA,NA,NA,NA,NA,NA,NA,NA,NorCal,110,5774,1.905091791
Butte,2017,NA,NA,NA,NA,NA,NA,NA,NA,NA,NorCal,110,7240,1.519337017
Butte,2018,NA,NA,NA,NA,NA,NA,NA,NA,NA,NorCal,116,8313,1.395404788
Butte,2019,NA,NA,NA,NA,NA,NA,NA,NA,NA,NorCal,154,10476,1.470026728
Butte,2020,NA,NA,NA,NA,NA,NA,NA,NA,NA,NorCal,120,10760,1.115241636
Butte,2021,NA,NA,NA,88.5,43.4,3,NA,NA,3.846153846,NorCal,15,2650,0.566037736
Calaveras,2012,NA,NA,NA,NA,NA,NA,NA,NA,NA,Central,10,1358,0.736377025
Calaveras,2013,NA,NA,NA,NA,NA,NA,NA,NA,NA,Central,17,1455,1.16838488
Calaveras,2014,NA,NA,NA,NA,NA,NA,NA,NA,NA,Central,11,1603,0.68621335
Calaveras,2015,NA,NA,NA,NA,NA,NA,NA,NA,NA,Central,13,2758,0.471356055
Calaveras,2016,NA,NA,NA,NA,NA,NA,NA,NA,NA,Central,21,2700,0.777777778
Calaveras,2017,NA,NA,NA,NA,NA,NA,NA,NA,NA,Central,19,2324,0.817555938
Calaveras,2018,NA,NA,NA,NA,NA,NA,NA,NA,NA,Central,8,2299,0.347977381
Calaveras,2019,NA,NA,NA,NA,NA,NA,NA,NA,NA,Central,8,2227,0.359227661
Calaveras,2020,NA,NA,NA,NA,NA,NA,NA,NA,NA,Central,13,2225,0.584269663
Calaveras,2021,NA,NA,NA,NA,NA,NA,NA,NA,NA,Central,5,602,0.830564784
Colusa,2012,NA,NA,NA,NA,NA,NA,NA,NA,NA,NorCal,0,15,0
Colusa,2013,NA,NA,NA,NA,NA,NA,NA,NA,NA,NorCal,0,14,0
Colusa,2014,NA,NA,NA,NA,NA,NA,NA,NA,NA,NorCal,0,5,0
Colusa,2015,NA,NA,NA,NA,NA,NA,NA,NA,NA,NorCal,0,6,0
Colusa,2017,NA,NA,NA,NA,NA,NA,NA,NA,NA,NorCal,0,8,0
Colusa,2018,NA,NA,NA,NA,25.28571429,NA,NA,NA,6.142857143,NorCal,0,9,0
Colusa,2019,NA,NA,NA,NA,NA,NA,NA,NA,5,NorCal,0,11,0
Colusa,2020,NA,NA,NA,NA,NA,NA,NA,NA,21.2,NorCal,1,11,9.090909091
Colusa,2021,NA,NA,NA,NA,NA,NA,NA,NA,NA,NorCal,0,2,0
ContraCosta,2012,1.5,NA,NA,4.066666667,1,4.212121212,2.230769231,NA,41.99790356,Central,51,14464,0.352599558
ContraCosta,2013,1,NA,NA,7.166666667,1,4.83908046,2.227272727,NA,45.839599,Central,62,14475,0.428324698
ContraCosta,2014,1,NA,NA,4.636363636,NA,1.571428571,1.685714286,NA,60.68601583,Central,35,15895,0.22019503
ContraCosta,2015,1.5,NA,NA,2.941176471,1,2.080645161,3.558823529,NA,24.93961353,Central,60,17908,0.33504579
ContraCosta,2016,1.466666667,NA,NA,13.21052632,1.125,1.963414634,2.24137931,NA,60.87971698,Central,49,18845,0.260015919
ContraCosta,2017,1.384615385,NA,NA,2.823529412,2,2.123809524,1.875,NA,42.75555556,Central,77,19370,0.397521941
ContraCosta,2018,1.791666667,NA,NA,17.31818182,1.111111111,1.829268293,2.204081633,NA,39.47835052,Central,68,18657,0.36447446
ContraCosta,2020,2.296296296,NA,NA,32.71929825,1,4.410852713,4.220588235,NA,32.52214452,Central,89,34663,0.256757926
ContraCosta,2021,2.333333333,NA,NA,163.6724138,1,2.80952381,2.138888889,NA,47.71883289,Central,31,9730,0.318602261
Fresno,2012,2,NA,NA,34.87841945,2.782485876,7.5375,2.290540541,30.59121977,29.3718657,SoCal,38,8092,0.469599605
Fresno,2013,3.6875,NA,NA,6.53125,3.887096774,6.451553931,1.066666667,24.56424718,30.14724839,SoCal,83,9150,0.907103825
Fresno,2014,1.310344828,NA,1.661538462,11.29090909,3.43083004,5.780399274,1.647058824,18.85510553,16.88228999,SoCal,52,9912,0.524616626
Fresno,2015,1.545454545,NA,7.126903553,73.59615385,6.103896104,9.247582205,1.086956522,23.11192017,26.1895948,SoCal,82,9708,0.844664194
Fresno,2016,1.388888889,NA,5.13592233,7.70212766,3.375,6.691252144,1.263157895,20.47212895,22.51843423,SoCal,54,9830,0.549338759
Fresno,2017,3.25,NA,4.858178888,17.41269841,3.533613445,3.377668309,1.296296296,18.9846852,22.82760989,SoCal,59,8898,0.663070353
Fresno,2018,4.705882353,NA,6.454545455,2.294117647,2.819230769,5.243445693,3.162393162,14.65111603,23.05865922,SoCal,47,8531,0.550931895
Fresno,2019,2,NA,4.736949153,9.266666667,3.025773196,2,1.076923077,19.80921638,24.9296595,SoCal,47,9484,0.495571489
Fresno,2020,1.857142857,NA,7.904452964,5.260869565,6.143442623,2.481132075,1.694117647,15.80325261,22.85920132,SoCal,54,11749,0.459613584
Fresno,2021,NA,NA,6.399134487,16.07692308,2.63030303,2.505,1.589285714,23.46184739,23.61469673,SoCal,12,3422,0.350672122
Glenn,2012,NA,NA,NA,NA,NA,NA,NA,NA,NA,NorCal,1,1647,0.060716454
Glenn,2013,NA,NA,NA,NA,NA,NA,NA,NA,NA,NorCal,0,499,0
Glenn,2014,NA,NA,NA,NA,NA,NA,NA,NA,NA,NorCal,0,38,0
Glenn,2015,NA,NA,NA,NA,NA,NA,NA,NA,NA,NorCal,1,506,0.197628458
Glenn,2016,NA,NA,NA,NA,2,NA,NA,NA,1,NorCal,2,1233,0.162206002
Glenn,2017,NA,NA,NA,NA,NA,NA,NA,NA,NA,NorCal,4,1012,0.395256917
Glenn,2018,NA,NA,NA,NA,NA,NA,NA,NA,NA,NorCal,2,1319,0.151630023
Glenn,2019,NA,NA,NA,NA,NA,NA,NA,NA,NA,NorCal,10,1002,0.998003992
Glenn,2020,NA,NA,NA,NA,NA,NA,NA,NA,NA,NorCal,6,1358,0.441826215
Glenn,2021,NA,NA,NA,NA,NA,NA,NA,NA,NA,NorCal,1,390,0.256410256
Imperial,2012,NA,NA,NA,NA,NA,NA,NA,NA,NA,SoCal,0,9,0
Imperial,2013,NA,NA,NA,NA,NA,NA,NA,NA,NA,SoCal,8,316,2.53164557
Imperial,2014,NA,NA,NA,NA,NA,NA,NA,NA,NA,SoCal,7,618,1.132686084
Imperial,2015,NA,NA,NA,NA,NA,NA,NA,NA,NA,SoCal,10,602,1.661129568
Imperial,2016,NA,NA,NA,NA,NA,NA,NA,NA,NA,SoCal,4,596,0.67114094
Imperial,2017,NA,NA,2,NA,NA,NA,NA,NA,NA,SoCal,4,741,0.539811066
Imperial,2018,NA,NA,4.007936508,3,NA,NA,NA,10.41880342,25.03571429,SoCal,4,577,0.693240901
Imperial,2019,NA,NA,2.942857143,NA,NA,NA,NA,8.020408163,4.875,SoCal,1,325,0.307692308
Imperial,2020,NA,NA,7.363636364,64.125,NA,NA,NA,9.5,6.7,SoCal,0,147,0
Imperial,2021,NA,NA,3.85,1,NA,NA,NA,6.964285714,15.62068966,SoCal,0,25,0
Inyo,2012,NA,NA,NA,NA,NA,NA,NA,NA,NA,SoCal,1,47,2.127659574
Inyo,2013,NA,NA,NA,NA,NA,2,3.052631579,NA,20.24074074,SoCal,1,23,4.347826087
Inyo,2014,NA,NA,NA,1,2.90625,2,2.04,NA,10.63247863,SoCal,1,36,2.777777778
Inyo,2015,NA,NA,NA,NA,5.456521739,1,2.384615385,NA,17.34640523,SoCal,0,35,0
Inyo,2016,NA,NA,NA,NA,3.233333333,1.814814815,1.5,NA,13.33076923,SoCal,0,36,0
Inyo,2017,NA,NA,NA,NA,7.096153846,2.617021277,4,NA,27.84827586,SoCal,0,45,0
Inyo,2019,NA,NA,NA,NA,5.739130435,3,1.166666667,NA,14.46391753,SoCal,0,54,0
Inyo,2020,NA,NA,NA,NA,4,1,2.586206897,NA,28.4368932,SoCal,0,37,0
Inyo,2021,NA,NA,NA,NA,1,1,NA,NA,2.25,SoCal,0,7,0
Kern,2012,1.375,NA,NA,NA,2.725,3.271084337,2.340540541,27.81451104,47.23986486,SoCal,8,1625,0.492307692
Kern,2013,1,NA,NA,NA,6.117647059,2.593167702,1.658536585,35.03191489,37.61346489,SoCal,11,1449,0.759144237
Kern,2014,1,NA,NA,NA,4.487179487,2.182170543,2.25625,31.21181384,78.07345576,SoCal,8,1521,0.525969757
Kern,2015,1.1,NA,NA,NA,7,2.666666667,2,35.76691042,48.96313103,SoCal,9,1537,0.585556278
Kern,2016,1,NA,NA,NA,5.571428571,2.460829493,1.807017544,40.31278935,18.71127633,SoCal,9,1838,0.489662677
Kern,2017,1.25,NA,NA,NA,2.254901961,3.57591623,2.333333333,30.33805855,48.62734584,SoCal,9,1866,0.482315113
Kern,2018,2.230769231,NA,1,NA,16.91017964,3.685185185,2.824242424,26.11481481,75.20625567,SoCal,21,1907,1.101206083
Kern,2019,1.6,NA,3,NA,4.666666667,2.54368932,1.833333333,34.03848642,68.82700422,SoCal,13,3230,0.40247678
Kern,2020,1.555555556,NA,3.802158273,NA,21.78947368,2.283464567,3.269230769,45.8454488,71.1257384,SoCal,16,5198,0.307810696
Kern,2021,1,NA,5.501477833,NA,4.355140187,2.564935065,1.222222222,36.72914184,58.49142857,SoCal,3,1514,0.198150594
Kings,2012,4.3,NA,NA,24.5,21.34931507,2.611111111,2.538461538,NA,68.96981132,SoCal,2,701,0.285306705
Kings,2013,1.333333333,NA,NA,1.444444444,12.28057554,1.666666667,1.4,NA,44.60676157,SoCal,4,923,0.433369447
Kings,2014,1.25,NA,NA,4,4.347826087,4.481481481,1.181818182,NA,23.88045541,SoCal,2,853,0.234466589
Kings,2015,1,NA,NA,1.333333333,NA,1.916666667,1.833333333,NA,20.9423676,SoCal,2,769,0.260078023
Kings,2016,1.5,NA,NA,2,1,2.857142857,2.272727273,NA,24.26415094,SoCal,3,815,0.36809816
Kings,2017,1,NA,NA,NA,1.615384615,5.7,2.363636364,NA,23.57079646,SoCal,3,766,0.391644909
Kings,2018,2.666666667,NA,1.42,1,4.408450704,1.736842105,3.666666667,NA,58.36286408,SoCal,2,734,0.272479564
Kings,2019,1,NA,4.924242424,NA,17.73913043,NA,1,NA,16.68010753,SoCal,1,589,0.169779287
Kings,2020,NA,NA,6.944262295,NA,21.71794872,NA,2.157894737,NA,42.39229422,SoCal,6,648,0.925925926
Kings,2021,NA,NA,11.50810811,NA,7.304347826,NA,1.964285714,NA,34.35509138,SoCal,2,149,1.342281879
Lake,2012,5.470479705,NA,NA,30.95744681,10.34954955,1.243781095,NA,NA,24.53661784,NorCal,53,1592,3.329145729
Lake,2013,6.146478873,NA,NA,3.138888889,14.59192825,1.662650602,NA,NA,38.99445676,NorCal,48,1948,2.464065708
Lake,2014,6.814910026,NA,NA,5.28125,19.68087855,2.407608696,NA,NA,22.03178928,NorCal,42,1865,2.252010724
Lake,2015,11.53240741,NA,NA,9.631578947,21.22916667,3.83974359,NA,NA,24.2265322,NorCal,44,2299,1.913875598
Lake,2016,4.798969072,NA,NA,24.02941176,13.55607477,3.008746356,NA,NA,18.95672192,NorCal,82,2201,3.725579282
Lake,2017,10.40239044,NA,NA,2.384615385,11.04231312,3.74047619,NA,NA,23.55364807,NorCal,89,2423,3.67313248
Lake,2018,13.96544276,NA,NA,2.571428571,14.14115899,2.842342342,NA,NA,39.8374269,NorCal,67,2526,2.652414885
Lake,2019,12.8125,NA,NA,6.4,16.5641791,2.675496689,NA,NA,27.50280374,NorCal,67,2576,2.600931677
Lake,2020,12.85459184,NA,NA,7.222222222,18.96774194,3.520547945,NA,NA,40.81740614,NorCal,120,3131,3.832641329
Lake,2021,9.555555556,NA,NA,2.2,15.92695214,5.96,NA,NA,25.70038168,NorCal,33,926,3.563714903
LosAngeles,2012,1.769230769,NA,NA,NA,2,10.21466525,3.014492754,24.42589591,4.760330579,SoCal,168,52983,0.317082838
LosAngeles,2013,2,NA,NA,NA,4,6.256025466,1.659574468,23.60520892,5.29324547,SoCal,169,52322,0.322999885
LosAngeles,2014,1,NA,NA,NA,6.75,6.025873808,2.102189781,25.17702725,4.420221169,SoCal,253,57127,0.442872897
LosAngeles,2015,2.076923077,2.2,1,NA,38.37142857,5.079415792,2.58974359,21.92103854,3.037483266,SoCal,236,64246,0.367338044
LosAngeles,2016,1.411764706,3.181818182,2.25,1.25,10.93103448,5.936653772,3.923611111,21.93800539,5.341127923,SoCal,269,69123,0.38916135
LosAngeles,2017,1.285714286,3.416666667,1.518518519,1,1.333333333,4.939052977,1.487804878,20.41835397,5.70295858,SoCal,330,76160,0.433298319
LosAngeles,2018,4,1.383333333,1.530726257,1,NA,5.283520133,1.555555556,26.65097073,5.088068182,SoCal,350,80028,0.437346929
LosAngeles,2019,1,3.585185185,2.670613563,NA,13.75,3.618005739,2.125,26.05987776,4.190965092,SoCal,227,102535,0.221387819
LosAngeles,2020,1.25,3.226552984,3.009195402,NA,1,4.398284314,1.567164179,26.66559543,3.66256336,SoCal,228,139894,0.162980542
LosAngeles,2021,1.125,2.986363636,4.259124088,1,2,4.587419355,4.678571429,29.78585859,3.185673893,SoCal,69,38652,0.178515989
Madera,2012,16.5,NA,NA,21.14285714,3.666666667,5.8,NA,24.6,54.17857143,Central,17,277,6.137184116
Madera,2013,2,NA,NA,2.25,1.333333333,NA,7,30.65413534,71.69369369,Central,12,318,3.773584906
Madera,2014,NA,NA,2.5,2,3.166666667,3.583333333,8.5,14.87978142,17.58024691,Central,10,460,2.173913043
Madera,2015,NA,NA,6.101694915,4,5.25,2.5,5.666666667,23.21632653,20.48169014,Central,28,739,3.788903924
Madera,2016,NA,NA,1.674418605,2.333333333,2.833333333,NA,1,29.59883721,11.80334728,Central,11,708,1.553672316
Madera,2017,1,NA,7.491071429,1,1.75,NA,2,43.84366197,17.95918367,Central,21,741,2.834008097
Madera,2018,1,NA,11.02564103,NA,4.558823529,3.5,NA,34.9536903,25.95414847,Central,15,639,2.34741784
Madera,2019,NA,NA,8.524271845,NA,4.962962963,NA,NA,64.10158014,59.06060606,Central,13,672,1.93452381
Madera,2020,NA,NA,4.696202532,NA,3.714285714,NA,NA,39.70197044,38.80609418,Central,14,658,2.127659574
Madera,2021,NA,NA,2.260869565,NA,2.818181818,2,NA,24.27568922,86.66323907,Central,3,129,2.325581395
Marin,2012,5,NA,NA,NA,1,2.083333333,2.48,NA,8.388297872,Central,30,9146,0.328012246
Marin,2013,2,NA,NA,NA,2.285714286,1.944444444,1.884615385,NA,3.358490566,Central,29,11326,0.256048031
Marin,2014,1.909090909,NA,NA,NA,1.333333333,3.74796748,3.871794872,NA,5.172661871,Central,40,12131,0.32973374
Marin,2015,2.058823529,NA,NA,NA,2,2.320261438,5.683333333,NA,6.846153846,Central,49,12721,0.385189844
Marin,2016,1.461538462,NA,NA,NA,1,2.571428571,1.5,NA,2.372727273,Central,35,11053,0.316656111
Marin,2017,1.363636364,NA,NA,NA,1,1.894736842,5.705882353,NA,6.977099237,Central,44,11553,0.380853458
Marin,2018,3.166666667,NA,NA,NA,1,2.324074074,2.5,NA,3.905172414,Central,28,12096,0.231481481
Marin,2019,1.181818182,NA,NA,NA,1,2.287356322,3.434210526,NA,4.822429907,Central,29,12491,0.23216716
Marin,2020,3.642857143,NA,NA,NA,1,2.574712644,2.230769231,NA,8.786585366,Central,31,14099,0.21987375
Marin,2021,NA,NA,NA,NA,NA,1.85,NA,NA,NA,Central,11,3619,0.303951368
Merced,2012,2.5,NA,NA,NA,NA,NA,NA,NA,32.5,Central,6,1306,0.45941807
Merced,2014,NA,NA,NA,1,3.714285714,1,NA,NA,9.696428571,Central,13,1094,1.188299817
Merced,2015,3,NA,NA,4,1,7,NA,NA,4.418604651,Central,11,1322,0.832072617
Merced,2016,NA,NA,NA,27.2,34,7,8.5,NA,13.39583333,Central,6,1559,0.384862091
Merced,2017,NA,NA,NA,29.625,1.777777778,14.14285714,1.8,NA,33.66129032,Central,4,1399,0.285918513
Merced,2018,NA,NA,2.882352941,2.8,3.3,6.888888889,1.75,NA,20.40243902,Central,7,1607,0.435594275
Merced,2019,NA,NA,5.597701149,7.869565217,7.826086957,2.325581395,1.666666667,NA,10.38963532,Central,2,1923,0.10400416
Merced,2020,1,NA,6.16509434,6.555555556,16.3125,2.125,2.094890511,NA,13.71032357,Central,3,2048,0.146484375
Merced,2021,NA,NA,3.616161616,3.538461538,11.59375,2.173913043,1.272727273,NA,17.61705989,Central,0,519,0
Monterey,2012,NA,NA,NA,NA,NA,NA,NA,NA,NA,SoCal,19,4476,0.424486148
Monterey,2013,NA,NA,NA,NA,NA,5,2,NA,1,SoCal,33,5234,0.630492931
Monterey,2014,1,NA,NA,NA,NA,6.789473684,1.5,3,4.727272727,SoCal,31,7140,0.434173669
Monterey,2015,NA,NA,NA,NA,NA,NA,NA,NA,NA,SoCal,21,7473,0.281011642
Monterey,2016,NA,NA,NA,NA,NA,NA,NA,NA,NA,SoCal,28,7865,0.356007629
Monterey,2018,2,NA,NA,NA,NA,4.819672131,3,NA,89.79310345,SoCal,34,7033,0.483435234
Monterey,2019,2,NA,NA,NA,NA,13.58227848,1.8,NA,4,SoCal,24,9844,0.243803332
Monterey,2020,4,NA,NA,NA,NA,10.69491525,2.076923077,NA,5.666666667,SoCal,23,12508,0.183882315
Monterey,2021,2.571428571,NA,NA,NA,1,6.719512195,2.615384615,NA,5.956521739,SoCal,6,2543,0.235941801
Napa,2013,12.66666667,NA,NA,NA,1.75,7.409090909,7,NA,23.9047619,NorCal,19,5099,0.372622083
Napa,2014,NA,NA,NA,NA,1,4.8,NA,NA,17.94117647,NorCal,14,5495,0.25477707
Napa,2016,2.75,NA,NA,NA,7,5.272727273,NA,NA,10.83333333,NorCal,37,6156,0.601039636
Napa,2017,4.076923077,NA,NA,NA,1.857142857,4.416666667,4.2,NA,27.2,NorCal,34,6469,0.525583552
Napa,2018,17.8,NA,NA,NA,2,6.166666667,1.5,NA,172.5333333,NorCal,33,7221,0.457000415
Napa,2019,11.88888889,NA,NA,NA,1.888888889,2.208333333,4.176470588,NA,18.225,NorCal,34,6453,0.526886719
Napa,2020,9.705882353,NA,NA,NA,2.222222222,2.676470588,3.866666667,NA,52.08737864,NorCal,46,6838,0.672711319
Napa,2021,7.444444444,NA,NA,NA,1.181818182,7.584269663,10.171875,NA,31.60869565,NorCal,8,1649,0.485142511
Nevada,2012,NA,NA,NA,NA,NA,NA,NA,NA,NA,NorCal,48,2244,2.139037433
Nevada,2013,NA,NA,NA,NA,NA,NA,NA,NA,NA,NorCal,63,2170,2.903225806
Nevada,2014,NA,NA,NA,NA,NA,NA,NA,NA,NA,NorCal,44,2340,1.88034188
Nevada,2015,NA,NA,NA,NA,NA,NA,NA,NA,NA,NorCal,67,2403,2.78818144
Nevada,2016,NA,NA,NA,NA,NA,NA,NA,NA,NA,NorCal,66,2807,2.351264695
Nevada,2017,NA,NA,NA,NA,NA,NA,NA,NA,NA,NorCal,88,4694,1.874733703
Nevada,2018,NA,NA,NA,NA,NA,NA,NA,NA,NA,NorCal,122,6095,2.001640689
Nevada,2019,NA,NA,NA,NA,NA,NA,NA,NA,NA,NorCal,121,6596,1.834445118
Nevada,2020,NA,NA,NA,NA,NA,NA,NA,NA,NA,NorCal,149,6527,2.282825188
Nevada,2021,NA,NA,NA,NA,NA,NA,NA,NA,NA,NorCal,47,1881,2.49867092
Orange,2012,1,NA,NA,NA,NA,3.01320132,2.223880597,16.50040486,5.780534351,SoCal,80,46424,0.17232466
Orange,2013,1,NA,NA,NA,NA,3.376068376,1.285714286,18.1799507,5.568493151,SoCal,129,36886,0.349726183
Orange,2014,3,NA,NA,NA,NA,3.447963801,1.75,21.04258443,11.4278481,SoCal,174,38353,0.453680286
Orange,2015,1,NA,NA,NA,NA,2.192411924,1.86440678,30.04179255,9.956666667,SoCal,119,40844,0.291352463
Orange,2016,1,NA,2.166666667,NA,NA,2.75,1.596153846,48.67601136,3.531190926,SoCal,134,43108,0.310847175
Orange,2017,3.166666667,4.210526316,2.260869565,1,NA,2.632369942,2.1875,34.96066253,3.96875,SoCal,128,42439,0.301609369
Orange,2018,NA,1.777777778,1.721461187,NA,NA,3.775100402,2.46875,28.31311967,7.785485592,SoCal,162,42069,0.385081652
Orange,2019,NA,4.888888889,3.57718894,2.25,NA,2.205555556,1.756410256,29.40684492,7.500582072,SoCal,111,53154,0.208827181
Orange,2020,1.125,1.6,2.792402827,1.285714286,NA,3.282066869,2.429577465,22.69989744,5.49349523,SoCal,114,70166,0.162471852
Orange,2021,1.090909091,1,2.804347826,NA,NA,3.055248619,1.6,34.80870237,6.385749386,SoCal,40,19687,0.203179763
Placer,2012,4.408450704,NA,NA,8.157894737,13.61555556,4.834834835,NA,NA,30.77777778,NorCal,144,12905,1.115846571
Placer,2013,4.272058824,NA,NA,14.60869565,10.22554348,6.241486068,NA,NA,37.57639939,NorCal,127,17210,0.737943056
Placer,2014,5.149700599,NA,NA,26.89285714,17.73596674,4.565217391,NA,NA,31.44397163,NorCal,176,17481,1.006807391
Placer,2015,3.674285714,NA,NA,8,8.404109589,4.650485437,NA,NA,21.08615819,NorCal,156,18945,0.823436263
Placer,2016,2.978947368,NA,NA,44,15.36345382,4.88125,NA,NA,22.39255014,NorCal,138,19493,0.707946442
Placer,2017,5.241134752,NA,NA,13.75,22.40169133,3.779126214,NA,NA,41.33367662,NorCal,165,21125,0.781065089
Placer,2018,4.95112782,NA,NA,4.526315789,12.89945652,4.123134328,NA,NA,31.0075662,NorCal,215,24721,0.869705918
Placer,2019,4.552036199,NA,NA,11.95,12.38256659,4.517027864,NA,NA,47.68625147,NorCal,187,29203,0.64034517
Placer,2020,5.836734694,NA,1,5.80952381,17.25697504,3.903954802,NA,NA,40.66157462,NorCal,233,33040,0.705205811
Placer,2021,5.5,NA,NA,40.01923077,39.28163993,3.982608696,NA,NA,44.93540052,NorCal,32,9682,0.330510225
Riverside,2012,NA,NA,NA,43.73487032,NA,2.08988764,7.176842105,15.30254777,97.15170604,SoCal,58,11724,0.494711702
Riverside,2013,NA,NA,NA,60.84892086,NA,2.41025641,8.749360614,22.40106773,176.6343476,SoCal,44,12233,0.359682825
Riverside,2014,1,NA,NA,22.27034884,NA,2.565789474,7.364321608,22.0788872,100.6090487,SoCal,46,11438,0.402168211
Riverside,2015,NA,NA,NA,16.40712468,NA,8.857923497,9.353741497,13.20979021,98.57390015,SoCal,88,12829,0.685945904
Riverside,2016,1.416666667,NA,1.714285714,13.82072368,NA,8.5,5.643122677,15.59732792,58.80551053,SoCal,71,13786,0.515015233
Riverside,2017,1,NA,2.404494382,12.96256684,NA,6.224817518,4.389189189,12.60760999,69.56607098,SoCal,53,12892,0.411107664
Riverside,2018,2.214285714,NA,2.840764331,5.636094675,NA,5.648550725,5.136363636,13.92090095,66.69623529,SoCal,58,13675,0.424131627
Riverside,2019,1,NA,3.165873555,9.165354331,2.2,3.700665188,4.57218543,10.05366277,63.24166892,SoCal,40,20790,0.192400192
Riverside,2020,2,NA,3.782745098,18.23513514,3,4.81270183,5.710045662,14.01742372,98.87300797,SoCal,43,27638,0.155582893
Riverside,2021,1,NA,3.509492274,13.29777778,1,6.180285344,5.42384106,12.41820475,133.7116385,SoCal,18,7940,0.226700252
Sacramento,2012,3.504761905,NA,NA,13.46835443,5.078692494,6.415322581,2.128205128,NA,17.34673367,NorCal,233,29242,0.796799125
Sacramento,2013,2.472,NA,NA,20.78947368,8.677484787,8.253004005,1.933333333,NA,20.03582853,NorCal,234,30349,0.771030347
Sacramento,2014,2.939393939,NA,NA,24.62222222,11.04494382,8.375210793,4.72,NA,33.38592751,NorCal,263,31650,0.830963665
Sacramento,2015,4.248175182,NA,NA,18.67010309,7.956175299,11.0088,2.363636364,NA,26.54226268,NorCal,248,35222,0.704105389
Sacramento,2016,3.85106383,NA,NA,5.12195122,9.373173971,12.73735581,1.681818182,NA,34.79877634,NorCal,234,37713,0.620475698
Sacramento,2017,4.038095238,NA,NA,11.0620155,4.549248748,12.88472834,2.206896552,NA,23.46326754,NorCal,304,44013,0.690705019
Sacramento,2018,7.259036145,NA,NA,12.25675676,4.137704918,12.35044825,1.592592593,NA,22.828125,NorCal,271,45984,0.589335421
Sacramento,2019,2.614678899,NA,NA,4.206349206,6.797814208,11.31139241,1.636363636,NA,21.99755202,NorCal,288,58210,0.49476035
Sacramento,2021,2.042553191,NA,NA,9.821428571,10.47800587,8.180147059,1.25,NA,22.2062982,NorCal,59,19635,0.30048383
SanBenito,2012,NA,NA,NA,NA,NA,NA,NA,NA,NA,SoCal,3,441,0.680272109
SanBenito,2013,NA,NA,NA,NA,NA,NA,NA,NA,NA,SoCal,1,202,0.495049505
SanBenito,2014,NA,NA,NA,NA,NA,NA,NA,NA,NA,SoCal,1,259,0.386100386
SanBenito,2015,NA,NA,NA,NA,NA,NA,NA,NA,NA,SoCal,0,104,0
SanBenito,2016,NA,NA,NA,NA,1,3.555555556,1.2,NA,3.046511628,SoCal,0,238,0
SanBenito,2017,2.666666667,NA,NA,NA,1.5,3.428571429,1.466666667,NA,3.411290323,SoCal,2,315,0.634920635
SanBenito,2018,1,NA,NA,NA,1.721311475,5.293478261,2.150943396,NA,4.163865546,SoCal,0,408,0
SanBenito,2019,2,NA,NA,NA,3.302631579,2.980519481,1.720930233,NA,4.51396648,SoCal,0,500,0
SanBenito,2020,2,NA,NA,NA,1.553191489,4.125603865,1.538461538,NA,4.100917431,SoCal,0,634,0
SanBenito,2021,2,NA,NA,NA,1.538461538,4.048,1.272727273,NA,5.77027027,SoCal,1,151,0.662251656
SanBernardino,2012,2.625,NA,NA,5.6,2.090909091,4.069587629,2.648351648,17.21057835,13.73386384,SoCal,23,5779,0.397992732
SanBernardino,2013,9.5,NA,NA,20.56,NA,2.395104895,3.342857143,9.971857411,18.73556231,SoCal,35,6234,0.561437279
SanBernardino,2014,1.25,NA,NA,56.3,NA,3.182634731,3.122807018,17.62592344,28.12219451,SoCal,46,6989,0.658177135
SanBernardino,2015,1.5,NA,NA,184.9166667,NA,6.43359375,5.53125,18.48102246,36.16120219,SoCal,36,8732,0.412276683
SanBernardino,2016,7,NA,1.3,2.181818182,NA,5.192307692,3.402777778,24.80806142,13.96287129,SoCal,39,9238,0.422169301
SanBernardino,2017,1,NA,1,73.54545455,4,3.934911243,3.901639344,23.02351558,30.78,SoCal,49,9589,0.51100219
SanBernardino,2018,5,2.44,3.923076923,175.7272727,NA,4.858280255,3.283505155,21.00661667,16.58280657,SoCal,65,11159,0.58248947
SanBernardino,2019,7.333333333,2.8125,2.939490446,26.44444444,3,3.595862069,3.276595745,14.78053097,14.18057456,SoCal,59,17128,0.344465203
SanBernardino,2020,1.909090909,2.166666667,4.337159254,8.857142857,NA,4.913711584,3.088607595,20.58151052,18.31262136,SoCal,63,24723,0.254823444
SanBernardino,2021,2.411764706,2.214285714,5.262472885,5.9,NA,3.783821478,2.84137931,21.38903743,13.53348468,SoCal,17,6865,0.247632921
SanDiego,2012,NA,NA,NA,NA,NA,NA,NA,NA,NA,SoCal,107,42449,0.252067187
SanDiego,2013,NA,NA,NA,NA,NA,NA,NA,NA,NA,SoCal,169,46104,0.366562554
SanDiego,2014,NA,NA,NA,NA,NA,NA,NA,NA,NA,SoCal,203,46694,0.434745363
SanDiego,2015,NA,NA,NA,NA,NA,NA,NA,NA,NA,SoCal,201,53234,0.377578239
SanDiego,2016,1,NA,4.338129496,NA,NA,2.843283582,3.623529412,4.663230241,5.002320186,SoCal,221,54798,0.40329939
SanDiego,2017,1.333333333,2.5,2.095238095,NA,NA,3.844036697,2.5,9.539735099,26.0218254,SoCal,198,57550,0.344048653
SanDiego,2018,1.5,NA,6.760655738,NA,NA,2.913857678,2.625,12.09393939,8.005535055,SoCal,210,61026,0.344115623
SanDiego,2019,1,NA,3.727496917,NA,NA,2.06,1.56626506,6.684979138,4.299352751,SoCal,192,73774,0.26025429
SanDiego,2020,1.25,1,2.718894009,NA,NA,2.57730812,2.06372549,6.611577181,7.270078181,SoCal,248,98456,0.251889169
SanDiego,2021,1.086956522,NA,2.595744681,1,NA,2.815656566,2.666666667,10.25273632,7.585651537,SoCal,76,26813,0.283444598
SanFrancisco,2013,NA,NA,NA,NA,NA,NA,NA,NA,NA,Central,36,13334,0.269986501
SanFrancisco,2014,NA,NA,NA,NA,NA,NA,NA,NA,NA,Central,47,14831,0.316903783
SanFrancisco,2015,NA,NA,NA,NA,NA,NA,NA,NA,NA,Central,52,15229,0.341453805
SanFrancisco,2016,NA,NA,NA,NA,NA,NA,NA,NA,NA,Central,51,16228,0.314271629
SanFrancisco,2017,NA,NA,NA,NA,NA,NA,NA,NA,NA,Central,85,14870,0.571620713
SanFrancisco,2018,NA,NA,NA,NA,NA,NA,NA,NA,NA,Central,48,14605,0.32865457
SanFrancisco,2019,NA,NA,NA,NA,NA,NA,NA,NA,NA,Central,43,17560,0.244874715
SanJoaquin,2012,2.777777778,NA,NA,35.17518248,1.549450549,8.826568266,4.35952381,6.661016949,12.54043768,Central,48,5219,0.919716421
SanJoaquin,2013,1.75,NA,NA,15.93055556,2.06122449,5.059405941,3.353211009,5.185185185,12.94674556,Central,53,6823,0.776784406
SanJoaquin,2014,2.055555556,NA,NA,58.09195402,2.221052632,5.331050228,5.467980296,14.93617021,19.71566265,Central,64,7410,0.863697706
SanJoaquin,2015,1.444444444,NA,NA,54.83783784,1.489795918,5.162025316,3.859296482,38.75409836,40.94129834,Central,60,9051,0.662910176
SanJoaquin,2016,3,NA,NA,5.657894737,1.575757576,9.316636852,3.650485437,9.042253521,27.43862928,Central,67,9387,0.713753063
SanJoaquin,2017,2.92,NA,NA,35.87755102,1.640625,7.178431373,5.069767442,2.6,28.38757207,Central,84,9331,0.900225056
SanJoaquin,2018,2.321428571,NA,NA,10.31818182,2.747826087,10.62087912,9.166666667,15.61797753,58.26694411,Central,63,9161,0.68769785
SanJoaquin,2019,1.444444444,NA,NA,48.84756098,1.955223881,8.438979964,4.252136752,20.14778325,51.15244596,Central,85,11502,0.739001913
SanJoaquin,2020,1.685714286,NA,8.823529412,46.98324022,2.117283951,11.34639498,4.892241379,8,34.65532145,Central,118,13212,0.89312746
SanJoaquin,2021,1.857142857,NA,NA,26.66242038,2.196078431,5.624,3.028571429,8.518656716,49.81592689,Central,27,3314,0.814725407
SanLuisObispo,2012,1,NA,NA,NA,NA,NA,NA,NA,NA,SoCal,27,3692,0.731310943
SanLuisObispo,2013,1,NA,NA,NA,NA,NA,NA,NA,NA,SoCal,24,4225,0.568047337
SanLuisObispo,2014,NA,NA,NA,NA,NA,NA,NA,NA,NA,SoCal,14,4167,0.335973122
SanLuisObispo,2015,NA,NA,NA,NA,NA,NA,NA,NA,NA,SoCal,6,5102,0.117600941
SanLuisObispo,2016,1,NA,NA,NA,NA,NA,NA,NA,NA,SoCal,25,6138,0.407298794
SanLuisObispo,2017,NA,NA,NA,NA,NA,NA,NA,NA,NA,SoCal,25,5796,0.431331953
SanLuisObispo,2018,1,NA,NA,NA,NA,NA,NA,NA,NA,SoCal,29,5801,0.499913808
SanLuisObispo,2019,NA,NA,NA,NA,NA,NA,NA,NA,NA,SoCal,16,7589,0.210831467
SanLuisObispo,2020,NA,NA,NA,NA,NA,NA,NA,NA,NA,SoCal,24,9818,0.244448971
SanLuisObispo,2021,NA,NA,NA,NA,NA,NA,NA,NA,NA,SoCal,12,2818,0.425833925
SanMateo,2012,NA,NA,NA,NA,NA,NA,NA,NA,NA,Central,31,11986,0.258635074
SanMateo,2013,NA,NA,NA,NA,NA,NA,NA,NA,NA,Central,41,11985,0.342094285
SanMateo,2014,2.4,NA,NA,NA,NA,7.352941176,1.851851852,NA,4.27480916,Central,44,12784,0.344180225
SanMateo,2015,2.818181818,NA,1.333333333,NA,NA,6.738738739,2.653846154,NA,2.901709402,Central,41,13762,0.297921814
SanMateo,2016,2,NA,NA,NA,NA,6.034013605,2.243243243,NA,6.372093023,Central,43,15170,0.283454186
SanMateo,2017,2.5,NA,NA,NA,NA,3.442708333,1.28,NA,2.811827957,Central,54,15975,0.338028169
SanMateo,2018,2.477272727,NA,NA,NA,NA,3.294930876,2.482758621,NA,5.089041096,Central,50,16494,0.303140536
SanMateo,2019,2.551724138,NA,NA,NA,NA,3.552486188,1.076923077,NA,2.341040462,Central,48,19776,0.242718447
SanMateo,2020,4.295454545,NA,NA,NA,NA,3.909734513,1.333333333,NA,5.136597938,Central,52,24578,0.211571324
SanMateo,2021,2.524590164,NA,NA,NA,NA,3.385454545,1.148148148,NA,2.394190871,Central,20,7085,0.282286521
SantaBarbara,2012,3.285714286,NA,NA,NA,NA,13.97959184,5.142857143,41.42857143,86.9787234,SoCal,5,3506,0.142612664
SantaBarbara,2013,2,NA,NA,NA,NA,17.225,2.25,13.73170732,16.44117647,SoCal,4,4052,0.098716683
SantaBarbara,2015,1.833333333,NA,NA,NA,NA,14.08333333,3,17.59090909,153.1538462,SoCal,19,4269,0.445069103
SantaBarbara,2016,2,NA,NA,NA,NA,19.25,9.285714286,22.54761905,35.14634146,SoCal,18,4075,0.441717791
SantaBarbara,2017,3,NA,NA,NA,NA,12.9047619,12.41666667,21.75675676,30.525,SoCal,19,4744,0.400505902
SantaBarbara,2019,2,NA,NA,NA,NA,16.0952381,1.5,18.375,3.3,SoCal,12,7357,0.163109963
SantaBarbara,2020,NA,NA,NA,NA,NA,13.64285714,4.111111111,12.03448276,87.5,SoCal,16,7780,0.205655527
SantaBarbara,2021,NA,NA,NA,NA,NA,4.45,1.5,7.441176471,3.037037037,SoCal,6,2055,0.291970803
SantaClara,2012,NA,NA,NA,NA,NA,1.837320574,1.862068966,NA,3.949874687,Central,117,33808,0.346071936
SantaClara,2013,NA,NA,NA,NA,NA,2.360902256,2,NA,4.321070234,Central,118,35945,0.328279316
SantaClara,2014,1,NA,NA,NA,NA,2.154761905,1.266666667,NA,6.921259843,Central,178,37716,0.471948245
SantaClara,2015,1,NA,NA,NA,NA,1.996815287,1.185185185,NA,2.434343434,Central,165,40250,0.409937888
SantaClara,2016,1.416666667,NA,NA,NA,1,2.038543897,1.679104478,NA,5.962486602,Central,120,41028,0.292483182
SantaClara,2017,5,NA,NA,NA,2,1.915151515,3.97826087,NA,3.111731844,Central,144,42554,0.338393571
SantaClara,2018,NA,NA,NA,NA,2.5,1.967741935,1.333333333,NA,4.085201794,Central,127,42929,0.295837313
SantaClara,2019,1,NA,NA,NA,1.5,2.577464789,2.75,NA,4,Central,114,50031,0.227858728
SantaClara,2020,2.5,NA,NA,NA,1,2.7125,1.625,NA,6.652941176,Central,146,58755,0.24848949
SantaClara,2021,1.678571429,NA,NA,NA,2.25,2.610800745,2.121212121,NA,13.94361335,Central,25,15347,0.162898286
SantaCruz,2012,3.696969697,NA,NA,NA,1.25,4,1.25,NA,4.317073171,SoCal,41,7487,0.547615868
SantaCruz,2013,5.666666667,NA,NA,NA,3.689655172,3.741666667,1.666666667,NA,6,SoCal,50,9785,0.510986203
SantaCruz,2014,1.571428571,NA,NA,NA,3.785714286,4.0625,1.615384615,NA,4.731707317,SoCal,42,10524,0.399087799
SantaCruz,2015,3.172413793,NA,NA,NA,5.142857143,2.853932584,1.880952381,NA,32.72666667,SoCal,56,11459,0.488698839
SantaCruz,2016,2.1,NA,NA,NA,4.615384615,3.157232704,1.816326531,NA,31.87346939,SoCal,48,12217,0.392895146
SantaCruz,2017,2.848484848,NA,NA,NA,2.29787234,4.2328125,1.855670103,NA,8.021352313,SoCal,67,12277,0.545735929
SantaCruz,2018,3.013157895,NA,NA,NA,10.05882353,4.368695652,1.609375,NA,3.918205805,SoCal,68,12532,0.542610916
SantaCruz,2019,3.514705882,NA,NA,NA,1,4.89943074,3.142857143,NA,5.161490683,SoCal,57,12925,0.441005803
SantaCruz,2020,4.010526316,NA,NA,NA,NA,4.707865169,2.324324324,NA,4.186708861,SoCal,75,14615,0.513171399
SantaCruz,2021,2.631578947,NA,NA,NA,1.333333333,3.915422886,1.909090909,NA,4.445544554,SoCal,22,4305,0.511033682
Shasta,2012,4.432098765,NA,NA,9.156521739,1.873417722,4.702857143,NA,NA,4.329787234,NorCal,76,3782,2.009518773
Shasta,2013,3.058536585,NA,NA,14.72483221,2.130434783,3.890070922,NA,NA,9.727272727,NorCal,104,4340,2.396313364
Shasta,2014,2.757225434,NA,NA,16.14736842,1.823943662,3.037433155,NA,NA,8.259005146,NorCal,131,5025,2.606965174
Shasta,2015,3.245614035,NA,NA,25.68794326,2.015706806,3.039877301,NA,NA,7.686139748,NorCal,131,4565,2.86966046
Shasta,2016,3.105504587,NA,NA,4.418604651,1.484304933,4.156549521,NA,NA,10.4467354,NorCal,123,6123,2.008819206
Shasta,2017,5.26128266,NA,NA,5.898989899,2.21719457,4.320634921,NA,NA,11.26956522,NorCal,173,6721,2.574021723
Shasta,2018,5.367541766,NA,NA,2.609375,3.983606557,3.805084746,NA,NA,7.169633508,NorCal,187,7817,2.39222208
Shasta,2019,6.28685259,NA,NA,4.728395062,3.941818182,3.910931174,NA,NA,9.177812746,NorCal,174,9061,1.920317846
Shasta,2020,7.494453249,NA,NA,10.79824561,3.270967742,3.347826087,NA,NA,7.104680851,NorCal,122,7666,1.591442734
Shasta,2021,6.357352941,1,1.166666667,10.69172932,3.662650602,4.314754098,NA,NA,8.825251601,NorCal,27,2358,1.145038168
Solano,2012,NA,NA,NA,NA,NA,NA,NA,NA,NA,Central,24,4820,0.497925311
Solano,2013,NA,NA,NA,NA,NA,NA,NA,NA,NA,Central,35,5479,0.638802701
Solano,2014,NA,NA,NA,NA,NA,NA,NA,NA,NA,Central,36,6355,0.566483084
Solano,2015,NA,NA,NA,NA,NA,NA,NA,NA,NA,Central,23,6399,0.359431161
Solano,2016,NA,NA,NA,NA,NA,NA,NA,NA,NA,Central,28,6809,0.411220444
Solano,2017,NA,NA,NA,NA,NA,NA,NA,NA,NA,Central,40,8451,0.473316767
Solano,2018,NA,NA,NA,NA,NA,NA,NA,NA,NA,Central,41,9183,0.446477186
Solano,2021,9.25,NA,1,1,1.964285714,7.301724138,1.923076923,NA,43.32758621,Central,5,2891,0.172950536
Sonoma,2012,2.156862745,NA,NA,NA,1.238095238,2.165354331,2.714285714,NA,7.223502304,NorCal,175,29729,0.588650812
Sonoma,2013,1.791666667,NA,NA,NA,1.090909091,1.5703125,2.088235294,NA,2.897106109,NorCal,226,41023,0.550910465
Sonoma,2014,1.8,NA,NA,NA,1.388888889,1.666666667,2.5,NA,4.19858156,NorCal,284,48330,0.587626733
Sonoma,2015,2.294117647,NA,NA,NA,1.384615385,1.612403101,2.486486486,NA,6.942465753,NorCal,881,106581,0.826601364
Sonoma,2016,1.878787879,NA,NA,NA,1.083333333,2.192307692,3.428571429,NA,5.614318707,NorCal,173,196856,0.087881497
Sonoma,2017,2.853658537,NA,NA,NA,1.205882353,2.497142857,3.405063291,NA,8.211180124,NorCal,158,210254,0.075147203
Sonoma,2018,2.477272727,NA,NA,NA,1.148148148,2.496688742,1.563380282,NA,6.701298701,NorCal,154,220287,0.069908801
Sonoma,2019,3.450980392,NA,NA,NA,1.393939394,3.622727273,1.945454545,NA,6.61686747,NorCal,141,232352,0.06068379
Sonoma,2020,3.765625,NA,NA,NA,1.547619048,3.04964539,1.836734694,NA,8.21509434,NorCal,159,145645,0.109169556
Sonoma,2021,1.6,NA,NA,NA,NA,2.864864865,2.166666667,NA,2.266666667,NorCal,46,60812,0.075642965
Stanislaus,2012,1.3,NA,NA,40.89010989,3.118881119,2.308823529,7.055555556,NA,25.45658683,Central,9,2405,0.374220374
Stanislaus,2013,1.6,NA,NA,183.7719298,3.517241379,2.302083333,1.368421053,NA,58.52994792,Central,20,3179,0.629128657
Stanislaus,2014,1,NA,NA,110.6567164,4.304347826,2.08,2.161290323,NA,17.83684211,Central,31,4148,0.74734812
Stanislaus,2015,1.25,NA,NA,138.7586207,4.192857143,3.213740458,1.285714286,NA,15.90480132,Central,40,3454,1.158077591
Stanislaus,2016,1.666666667,NA,NA,35.80434783,6.985915493,3.677165354,1.961538462,NA,22.75097276,Central,18,4344,0.414364641
Stanislaus,2017,1.333333333,NA,NA,168.8070175,5.441176471,4.557471264,2.921875,NA,48.89757709,Central,23,4251,0.541049165
Stanislaus,2018,1.25,NA,NA,3.1,6.836363636,5.148760331,NA,NA,69.12354312,Central,20,4100,0.487804878
Stanislaus,2019,NA,NA,NA,84.67272727,5.635294118,5.700854701,3.260869565,NA,59.60702525,Central,16,5443,0.293955539
Stanislaus,2020,1,NA,1.578947368,88.17391304,16.93292683,4.240566038,2,NA,34.49513776,Central,7,4750,0.147368421
Stanislaus,2021,NA,NA,1.774509804,66.975,8.541935484,4,1.105263158,NA,33.07208481,Central,11,1617,0.680272109
Sutter,2012,NA,NA,NA,NA,NA,NA,NA,NA,NA,NorCal,5,704,0.710227273
Sutter,2014,NA,NA,NA,NA,NA,NA,NA,NA,NA,NorCal,14,634,2.208201893
Sutter,2015,NA,NA,NA,NA,NA,NA,NA,NA,NA,NorCal,9,740,1.216216216
Sutter,2016,NA,NA,NA,NA,NA,NA,NA,NA,NA,NorCal,14,833,1.680672269
Sutter,2017,NA,NA,NA,NA,NA,NA,NA,NA,NA,NorCal,21,952,2.205882353
Sutter,2018,NA,NA,NA,NA,49.17857143,2.703703704,NA,NA,54.41803279,NorCal,16,1341,1.193139448
Sutter,2019,NA,NA,NA,1,22.44594595,3.176470588,NA,NA,64.34666667,NorCal,18,1786,1.007838746
Sutter,2020,1,NA,NA,34,24.82258065,2.285714286,NA,NA,42.29268293,NorCal,16,2273,0.70391553
Sutter,2021,NA,NA,1,1,31.90588235,2.461538462,NA,NA,80.45762712,NorCal,6,638,0.940438871
Tehama,2012,NA,NA,NA,NA,1.5,NA,NA,NA,6,NorCal,21,428,4.906542056
Tehama,2013,NA,NA,NA,NA,NA,NA,NA,NA,NA,NorCal,17,521,3.262955854
Tehama,2014,NA,NA,NA,NA,NA,NA,NA,NA,NA,NorCal,12,356,3.370786517
Tehama,2015,NA,NA,NA,NA,NA,NA,NA,NA,NA,NorCal,15,437,3.432494279
Tehama,2016,NA,NA,NA,NA,NA,NA,NA,NA,NA,NorCal,20,491,4.073319756
Tehama,2017,NA,NA,NA,NA,NA,NA,NA,NA,NA,NorCal,20,411,4.866180049
Tehama,2018,NA,NA,NA,NA,NA,NA,NA,NA,NA,NorCal,13,473,2.748414376
Tehama,2019,NA,NA,NA,NA,NA,NA,NA,NA,NA,NorCal,13,508,2.559055118
Tehama,2020,NA,NA,NA,NA,NA,NA,NA,24,24,NorCal,25,618,4.045307443
Tehama,2021,NA,NA,NA,NA,NA,NA,NA,NA,NA,NorCal,10,146,6.849315068
Tulare,2012,7.25,NA,NA,85.36363636,11.70833333,2.977272727,1.428571429,72.25679758,74.01156069,SoCal,15,1124,1.334519573
Tulare,2013,1.5,NA,NA,1,2.666666667,1.875,1,50.6827853,14.64705882,SoCal,17,2003,0.84872691
Tulare,2014,1,NA,NA,1.571428571,36.95454545,2.566666667,1,43.08159722,15.5,SoCal,16,2224,0.71942446
Tulare,2015,1.666666667,NA,3.269230769,43.63636364,19.36111111,1.541666667,2.1,26.46798246,47.27447217,SoCal,16,2496,0.641025641
Tulare,2016,1,NA,NA,1.75,21.95652174,1.296296296,1.25,34.80070299,44.33608247,SoCal,4,1621,0.246761258
Tulare,2017,NA,NA,1,12.9,4.85,1.575757576,1.25,37.68696417,27.73174367,SoCal,10,1566,0.638569604
Tulare,2018,1.4,NA,2.362068966,4,21.25742574,1.875862069,1.333333333,31.86270872,35.70360598,SoCal,10,1894,0.527983105
Tulare,2019,4.5,NA,3.362683438,28.03333333,10.21428571,1.475609756,1,47.50139988,17.89794648,SoCal,15,2142,0.700280112
Tulare,2020,2.166666667,NA,5.31784188,9.245901639,8.269230769,1.724137931,4.535714286,37.14898852,15.53539591,SoCal,3,1820,0.164835165
Tulare,2021,2.75,NA,5.4056978,3.588235294,13.22222222,1.214285714,1.24,37.63868705,13.06007067,SoCal,2,511,0.391389432
Ventura,2012,NA,NA,NA,NA,2.666666667,4.564102564,1.8,3.8,60.21052632,SoCal,29,6449,0.449682121
Ventura,2013,NA,NA,NA,NA,41.5,5.631578947,NA,8.133333333,77.63157895,SoCal,17,6537,0.260058131
Ventura,2014,NA,NA,NA,NA,4.7,12.20833333,5,8.384615385,118,SoCal,17,7146,0.237895326
Ventura,2015,1,NA,NA,NA,20.4,9.56,2.166666667,4.766666667,69.73913043,SoCal,38,7990,0.475594493
Ventura,2016,NA,NA,NA,NA,5.166666667,10.03571429,2.5,3.513513514,22.35294118,SoCal,19,8858,0.214495371
Ventura,2017,NA,NA,NA,NA,6,6.153846154,1.5,2.8,3,SoCal,35,10311,0.339443313
Ventura,2018,NA,NA,NA,NA,4.625,9.391304348,7.5,4.25,56.05555556,SoCal,19,10515,0.180694246
Yolo,2012,2.842105263,NA,NA,3.785714286,13.70217918,4.477987421,NA,NA,47.38377193,NorCal,42,3710,1.132075472
Yolo,2013,2.260869565,NA,NA,6.666666667,21.353902,4.920318725,NA,NA,51.00808625,NorCal,48,4115,1.166464156
Yolo,2014,1,NA,NA,1.2,25.59882583,6.472340426,NA,NA,134.0372578,NorCal,40,4644,0.861326443
Yolo,2015,1,NA,NA,1,16.01772152,4.467741935,NA,NA,122.7034483,NorCal,46,5031,0.914331147
Yolo,2016,1.285714286,NA,NA,1,44.48989899,5.737642586,NA,NA,121.3645084,NorCal,31,4815,0.643821391
Yolo,2017,1.375,NA,NA,1,24.15196078,6.469879518,NA,NA,131.2449704,NorCal,44,4904,0.897226754
Yolo,2018,3.071428571,NA,NA,1.5,27.33677686,5.706382979,NA,NA,120.1263318,NorCal,52,5869,0.886011246
Yolo,2019,1.666666667,NA,NA,1.25,23.17048346,3.951219512,NA,NA,80.25851393,NorCal,46,6698,0.686772171
Yolo,2020,3.304166667,NA,NA,1,19.54264706,5.176470588,NA,NA,104.487069,NorCal,40,7691,0.520088415
Yolo,2021,1.666666667,NA,NA,1,47.048,4.39380531,NA,NA,102.680203,NorCal,34,2336,1.455479452
Yuba,2012,NA,NA,NA,NA,NA,NA,NA,NA,NA,NorCal,63,2620,2.404580153
Yuba,2013,NA,NA,NA,NA,1,NA,NA,NA,24,NorCal,14,1238,1.13085622
Yuba,2014,NA,NA,NA,NA,NA,NA,NA,NA,NA,NorCal,62,1963,3.158430973
Yuba,2015,NA,NA,NA,NA,NA,NA,NA,NA,NA,NorCal,49,1885,2.599469496
Yuba,2016,NA,NA,NA,NA,NA,NA,NA,NA,NA,NorCal,41,2003,2.046929606
Yuba,2017,NA,NA,NA,NA,NA,NA,NA,NA,NA,NorCal,33,1777,1.857062465
Yuba,2018,NA,NA,NA,2,3.375,4,NA,NA,85.51851852,NorCal,24,1662,1.444043321
Yuba,2019,1,NA,NA,1,3.035714286,1.6,NA,NA,124.0479452,NorCal,23,1699,1.353737493
Yuba,2020,NA,NA,NA,21.1,15.92857143,1.888888889,NA,NA,67.375,NorCal,40,1763,2.268859898
Yuba,2021,NA,NA,NA,NA,17.45454545,1.25,NA,NA,75.5,NorCal,8,451,1.77383592